-- MySQL dump 10.13  Distrib 5.7.26, for Linux (x86_64)
--
-- Host: localhost    Database: clothes_shop
-- ------------------------------------------------------
-- Server version	5.7.26-0ubuntu0.16.04.1

/*!40101 SET @OLD_CHARACTER_SET_CLIENT=@@CHARACTER_SET_CLIENT */;
/*!40101 SET @OLD_CHARACTER_SET_RESULTS=@@CHARACTER_SET_RESULTS */;
/*!40101 SET @OLD_COLLATION_CONNECTION=@@COLLATION_CONNECTION */;
/*!40101 SET NAMES utf8 */;
/*!40103 SET @OLD_TIME_ZONE=@@TIME_ZONE */;
/*!40103 SET TIME_ZONE='+00:00' */;
/*!40014 SET @OLD_UNIQUE_CHECKS=@@UNIQUE_CHECKS, UNIQUE_CHECKS=0 */;
/*!40014 SET @OLD_FOREIGN_KEY_CHECKS=@@FOREIGN_KEY_CHECKS, FOREIGN_KEY_CHECKS=0 */;
/*!40101 SET @OLD_SQL_MODE=@@SQL_MODE, SQL_MODE='NO_AUTO_VALUE_ON_ZERO' */;
/*!40111 SET @OLD_SQL_NOTES=@@SQL_NOTES, SQL_NOTES=0 */;

--
-- Table structure for table `account`
--

DROP TABLE IF EXISTS `account`;
/*!40101 SET @saved_cs_client     = @@character_set_client */;
/*!40101 SET character_set_client = utf8 */;
CREATE TABLE `account` (
  `accID` int(11) NOT NULL AUTO_INCREMENT,
  `username` varchar(30) NOT NULL,
  `password` varchar(30) NOT NULL,
  `name` varchar(128) NOT NULL,
  `address` varchar(150) DEFAULT NULL,
  `phone` varchar(12) DEFAULT NULL,
  `created` varchar(11) DEFAULT NULL,
  `admin` tinyint(4) DEFAULT '0',
  `email` varchar(45) DEFAULT NULL,
  `gender` varchar(10) DEFAULT NULL,
  PRIMARY KEY (`accID`)
) ENGINE=InnoDB AUTO_INCREMENT=3 DEFAULT CHARSET=utf8;
/*!40101 SET character_set_client = @saved_cs_client */;

--
-- Dumping data for table `account`
--

LOCK TABLES `account` WRITE;
/*!40000 ALTER TABLE `account` DISABLE KEYS */;
INSERT INTO `account` VALUES (1,'tritranhuu','123456','Trần Hữu Trí','66 Hoàng Mai','1234568','20/4/2019',1,'tritranhuu123@gmail.com','M'),(2,'phamgiabi','123456','Phạm Gia Bi','Hải Phòng','0125363894','18-05-2019 ',1,'phamgiabi@gmail.com','O');
/*!40000 ALTER TABLE `account` ENABLE KEYS */;
UNLOCK TABLES;

--
-- Table structure for table `cart`
--

DROP TABLE IF EXISTS `cart`;
/*!40101 SET @saved_cs_client     = @@character_set_client */;
/*!40101 SET character_set_client = utf8 */;
CREATE TABLE `cart` (
  `accID` int(11) NOT NULL,
  `optID` int(11) NOT NULL,
  `quantity` int(11) NOT NULL,
  PRIMARY KEY (`accID`,`optID`),
  KEY `optID` (`optID`),
  CONSTRAINT `cart_ibfk_1` FOREIGN KEY (`accID`) REFERENCES `account` (`accID`),
  CONSTRAINT `cart_ibfk_2` FOREIGN KEY (`optID`) REFERENCES `product_option` (`optID`)
) ENGINE=InnoDB DEFAULT CHARSET=utf8;
/*!40101 SET character_set_client = @saved_cs_client */;

--
-- Dumping data for table `cart`
--

LOCK TABLES `cart` WRITE;
/*!40000 ALTER TABLE `cart` DISABLE KEYS */;
/*!40000 ALTER TABLE `cart` ENABLE KEYS */;
UNLOCK TABLES;

--
-- Table structure for table `comment_product`
--

DROP TABLE IF EXISTS `comment_product`;
/*!40101 SET @saved_cs_client     = @@character_set_client */;
/*!40101 SET character_set_client = utf8 */;
CREATE TABLE `comment_product` (
  `accID` int(11) NOT NULL,
  `proID` int(11) NOT NULL,
  `content` varchar(300) NOT NULL,
  `created` varchar(12) NOT NULL,
  KEY `accID` (`accID`),
  KEY `proID` (`proID`),
  CONSTRAINT `comment_product_ibfk_1` FOREIGN KEY (`accID`) REFERENCES `account` (`accID`),
  CONSTRAINT `comment_product_ibfk_2` FOREIGN KEY (`proID`) REFERENCES `product` (`proID`)
) ENGINE=InnoDB DEFAULT CHARSET=utf8;
/*!40101 SET character_set_client = @saved_cs_client */;

--
-- Dumping data for table `comment_product`
--

LOCK TABLES `comment_product` WRITE;
/*!40000 ALTER TABLE `comment_product` DISABLE KEYS */;
INSERT INTO `comment_product` VALUES (1,6,'đẹp','17-05-2019 '),(1,13,'ok','18-05-2019 '),(1,13,'hay','18-05-2019 '),(2,51,'Áo đẹp quá bạn ơi','18-05-2019 ');
/*!40000 ALTER TABLE `comment_product` ENABLE KEYS */;
UNLOCK TABLES;

--
-- Table structure for table `company`
--

DROP TABLE IF EXISTS `company`;
/*!40101 SET @saved_cs_client     = @@character_set_client */;
/*!40101 SET character_set_client = utf8 */;
CREATE TABLE `company` (
  `companyID` int(11) NOT NULL AUTO_INCREMENT,
  `companyName` varchar(50) DEFAULT NULL,
  `created` varchar(11) DEFAULT '1',
  PRIMARY KEY (`companyID`),
  UNIQUE KEY `companyName_UNIQUE` (`companyName`)
) ENGINE=InnoDB AUTO_INCREMENT=9 DEFAULT CHARSET=utf8;
/*!40101 SET character_set_client = @saved_cs_client */;

--
-- Dumping data for table `company`
--

LOCK TABLES `company` WRITE;
/*!40000 ALTER TABLE `company` DISABLE KEYS */;
INSERT INTO `company` VALUES (1,'Adidas','3'),(2,'Nike','2'),(3,'Puma',''),(5,'Converse','1'),(6,'Channel','1'),(7,'','1'),(8,'Louis Vuitton','1');
/*!40000 ALTER TABLE `company` ENABLE KEYS */;
UNLOCK TABLES;

--
-- Table structure for table `detail_order`
--

DROP TABLE IF EXISTS `detail_order`;
/*!40101 SET @saved_cs_client     = @@character_set_client */;
/*!40101 SET character_set_client = utf8 */;
CREATE TABLE `detail_order` (
  `orderID` int(11) NOT NULL,
  `optID` int(11) NOT NULL,
  `quantity` int(11) NOT NULL,
  PRIMARY KEY (`orderID`,`optID`),
  KEY `Fk_do_p_idx` (`optID`),
  CONSTRAINT `Fk_do_od` FOREIGN KEY (`orderID`) REFERENCES `order_product` (`orderID`),
  CONSTRAINT `Fk_do_p` FOREIGN KEY (`optID`) REFERENCES `product_option` (`optID`)
) ENGINE=InnoDB DEFAULT CHARSET=utf8;
/*!40101 SET character_set_client = @saved_cs_client */;

--
-- Dumping data for table `detail_order`
--

LOCK TABLES `detail_order` WRITE;
/*!40000 ALTER TABLE `detail_order` DISABLE KEYS */;
INSERT INTO `detail_order` VALUES (1,257,2),(1,478,2),(2,494,1),(2,1115,1);
/*!40000 ALTER TABLE `detail_order` ENABLE KEYS */;
UNLOCK TABLES;

--
-- Table structure for table `img`
--

DROP TABLE IF EXISTS `img`;
/*!40101 SET @saved_cs_client     = @@character_set_client */;
/*!40101 SET character_set_client = utf8 */;
CREATE TABLE `img` (
  `proID` int(11) NOT NULL,
  `url` varchar(200) NOT NULL,
  PRIMARY KEY (`proID`,`url`),
  KEY `proID` (`proID`),
  CONSTRAINT `img_ibfk_1` FOREIGN KEY (`proID`) REFERENCES `product` (`proID`)
) ENGINE=InnoDB DEFAULT CHARSET=utf8;
/*!40101 SET character_set_client = @saved_cs_client */;

--
-- Dumping data for table `img`
--

LOCK TABLES `img` WRITE;
/*!40000 ALTER TABLE `img` DISABLE KEYS */;
INSERT INTO `img` VALUES (1,'/images/product/1/201905172312541225273672.jpg'),(1,'/images/product/1/201905172312541235333519.jpg'),(1,'/images/product/1/201905172312541325413331.jpg'),(1,'/images/product/1/201905172312541371133960.jpg'),(1,'/images/product/1/201905172312541502252040.jpg'),(1,'/images/product/1/201905172312542102603768.jpg'),(1,'/images/product/1/20190517231254773712489.jpg'),(2,'/images/product/2/201905172318032073723519.jpg'),(2,'/images/product/2/20190517231803212434967.jpg'),(2,'/images/product/2/20190517231803867939634.jpg'),(2,'/images/product/2/201905172318041268699751.jpg'),(2,'/images/product/2/20190517231804520006625.jpg'),(2,'/images/product/2/20190517231804586783624.jpg'),(3,'/images/product/3/201905172321091425632577.jpg'),(3,'/images/product/3/201905172321091821131492.jpg'),(3,'/images/product/3/20190517232109191138307.jpg'),(3,'/images/product/3/20190517232109392772600.jpg'),(3,'/images/product/3/20190517232109565944506.jpg'),(3,'/images/product/3/20190517232109656667011.jpg'),(3,'/images/product/3/20190517232109901520824.jpg'),(4,'/images/product/4/201905172326071440045458.jpg'),(4,'/images/product/4/201905172326071619587455.jpg'),(4,'/images/product/4/20190517232607595911470.jpg'),(4,'/images/product/4/20190517232607675408853.jpg'),(4,'/images/product/4/20190517232608661234700.jpg'),(5,'/images/product/5/201905172328561122035673.jpg'),(5,'/images/product/5/201905172328561519886010.jpg'),(5,'/images/product/5/20190517232856669615664.jpg'),(5,'/images/product/5/20190517232856786769505.jpg'),(5,'/images/product/5/2019051723285681085996.jpg'),(6,'/images/product/6/201905172332411393212985.jpg'),(6,'/images/product/6/201905172332411574114776.jpg'),(6,'/images/product/6/201905172332411872338686.jpg'),(6,'/images/product/6/201905172332411914811163.jpg'),(6,'/images/product/6/20190517233241705887079.jpg'),(7,'/images/product/7/201905172345011279425281.jpg'),(7,'/images/product/7/201905172345011287158906.jpg'),(7,'/images/product/7/20190517234501519912331.jpg'),(7,'/images/product/7/20190517234501538735815.jpg'),(7,'/images/product/7/20190517234501638449931.jpg'),(8,'/images/product/8/201905172347581920006829.jpg'),(8,'/images/product/8/20190517234758221991947.jpg'),(8,'/images/product/8/20190517234758585776155.jpg'),(8,'/images/product/8/20190517234758900691082.jpg'),(9,'/images/product/9/201905172351342017164788.jpg'),(9,'/images/product/9/201905172351351516954560.jpg'),(9,'/images/product/9/2019051723513518101428.jpg'),(9,'/images/product/9/201905172351351834026533.jpg'),(9,'/images/product/9/20190517235135451635197.jpg'),(9,'/images/product/9/20190517235135631603100.jpg'),(10,'/images/product/10/201905172354111219097035.jpg'),(10,'/images/product/10/201905172354111847326754.jpg'),(10,'/images/product/10/201905172354112026536227.jpg'),(10,'/images/product/10/20190517235411282011998.jpg'),(10,'/images/product/10/20190517235411323216142.jpg'),(10,'/images/product/10/20190517235411464657870.jpg'),(11,'/images/product/11/201905172355231455186849.jpg'),(11,'/images/product/11/20190517235523154953176.jpg'),(11,'/images/product/11/201905172355231713289198.jpg'),(11,'/images/product/11/201905172355231812237137.jpg'),(11,'/images/product/11/20190517235523814595370.jpg'),(12,'/images/product/12/201905172357011303696584.jpg'),(12,'/images/product/12/201905172357011638150119.jpg'),(12,'/images/product/12/2019051723570143628869.jpg'),(12,'/images/product/12/20190517235701734917826.jpg'),(12,'/images/product/12/20190517235701835988281.jpg'),(13,'/images/product/13/201905180001101222499341.jpg'),(13,'/images/product/13/201905180001101936919797.jpg'),(13,'/images/product/13/20190518000110271298834.jpg'),(13,'/images/product/13/20190518000110621641460.jpg'),(13,'/images/product/13/20190518000110630717812.jpg'),(14,'/images/product/14/201905180002581064094667.jpg'),(14,'/images/product/14/201905180002581417721109.jpg'),(14,'/images/product/14/201905180002581683072986.jpg'),(14,'/images/product/14/2019051800025817688528.jpg'),(14,'/images/product/14/201905180002581981750915.jpg'),(14,'/images/product/14/20190518000258609248175.jpg'),(15,'/images/product/15/201905180008181014146103.jpg'),(15,'/images/product/15/201905180008181083270051.jpg'),(15,'/images/product/15/201905180008181715353325.jpg'),(15,'/images/product/15/20190518000818257327319.jpg'),(15,'/images/product/15/20190518000818420202404.jpg'),(15,'/images/product/15/20190518000818785562803.jpg'),(15,'/images/product/15/20190518000818828320214.jpg'),(16,'/images/product/16/201905180010331000311785.jpg'),(16,'/images/product/16/20190518001033121862504.jpg'),(16,'/images/product/16/201905180010331647047348.jpg'),(16,'/images/product/16/201905180010331744229304.jpg'),(16,'/images/product/16/201905180010331959340013.jpg'),(16,'/images/product/16/201905180010332068429135.jpg'),(17,'/images/product/17/201905180014441191097174.jpg'),(17,'/images/product/17/201905180014442110292713.jpg'),(17,'/images/product/17/20190518001444543269554.jpg'),(17,'/images/product/17/20190518001444712990904.jpg'),(17,'/images/product/17/20190518001444825809977.jpg'),(18,'/images/product/18/201905180016391626289075.jpg'),(18,'/images/product/18/201905180016391756762529.jpg'),(18,'/images/product/18/201905180016391760941258.jpg'),(18,'/images/product/18/20190518001639978483977.jpg'),(18,'/images/product/18/201905180016401391804896.jpg'),(18,'/images/product/18/201905180016402042844908.jpg'),(18,'/images/product/18/201905180016402079714493.jpg'),(19,'/images/product/19/201905180017591232427798.jpg'),(19,'/images/product/19/201905180017591392892936.jpg'),(19,'/images/product/19/201905180017591818906616.jpg'),(19,'/images/product/19/20190518001759545046135.jpg'),(19,'/images/product/19/20190518001759678432102.jpg'),(20,'/images/product/20/201905180027001213407297.jpg'),(20,'/images/product/20/20190518002700269349311.jpg'),(20,'/images/product/20/201905180027012027107197.jpg'),(21,'/images/product/21/201905180029011054346905.jpg'),(21,'/images/product/21/201905180029011064665251.jpg'),(21,'/images/product/21/201905180029011241100191.jpg'),(21,'/images/product/21/201905180029011784594596.jpg'),(21,'/images/product/21/201905180029011786023636.jpg'),(21,'/images/product/21/201905180029011878586670.jpg'),(21,'/images/product/21/20190518002901998018747.jpg'),(21,'/images/product/21/201905180030481537332959.jpg'),(21,'/images/product/21/20190518003049114096569.jpg'),(21,'/images/product/21/201905180030491372116845.jpg'),(21,'/images/product/21/201905180030491588605215.jpg'),(21,'/images/product/21/201905180030491827580538.jpg'),(21,'/images/product/21/20190518003049913754739.jpg'),(22,'/images/product/22/201905180031322367516.jpg'),(22,'/images/product/22/20190518003132377877128.jpg'),(22,'/images/product/22/20190518003132742132915.jpg'),(22,'/images/product/22/20190518003133159586914.jpg'),(22,'/images/product/22/201905180031331922064170.jpg'),(22,'/images/product/22/201905180031332099249847.jpg'),(23,'/images/product/23/201905180033171148054291.jpg'),(23,'/images/product/23/201905180033171666566416.jpg'),(23,'/images/product/23/20190518003317180896484.jpg'),(23,'/images/product/23/201905180033171968669842.jpg'),(23,'/images/product/23/201905180033172024500881.jpg'),(23,'/images/product/23/20190518003317471992105.jpg'),(23,'/images/product/23/20190518003317475479448.jpg'),(24,'/images/product/24/201905180034491983712823.jpg'),(24,'/images/product/24/20190518003449428194050.jpg'),(24,'/images/product/24/20190518003449570203499.jpg'),(25,'/images/product/25/201905180043061048850562.jpg'),(25,'/images/product/25/201905180043061172225904.jpg'),(25,'/images/product/25/201905180043061369934665.jpg'),(25,'/images/product/25/20190518004306299866239.jpg'),(25,'/images/product/25/20190518004306581356698.jpg'),(26,'/images/product/26/201905180044301029195710.jpg'),(26,'/images/product/26/201905180044301663266715.jpg'),(26,'/images/product/26/201905180044302039758.jpg'),(26,'/images/product/26/20190518004430252404538.jpg'),(26,'/images/product/26/20190518004430708312807.jpg'),(27,'/images/product/27/20190518004621376506610.jpg'),(27,'/images/product/27/201905180046221153643432.jpg'),(27,'/images/product/27/201905180046221834766560.jpg'),(27,'/images/product/27/20190518004622484623938.jpg'),(27,'/images/product/27/20190518004622513781422.jpg'),(27,'/images/product/27/20190518004622871850282.jpg'),(28,'/images/product/28/201905180047581561295059.jpg'),(28,'/images/product/28/201905180047591203449508.jpg'),(28,'/images/product/28/2019051800475916096588.jpg'),(28,'/images/product/28/201905180047591828919150.jpg'),(28,'/images/product/28/20190518004759293300497.jpg'),(29,'/images/product/29/201905180049161097626636.jpg'),(29,'/images/product/29/201905180049161424346571.jpg'),(29,'/images/product/29/201905180049161476394398.jpg'),(29,'/images/product/29/201905180049161521498057.jpg'),(29,'/images/product/29/201905180049162097529940.jpg'),(29,'/images/product/29/20190518004916593926457.jpg'),(29,'/images/product/29/20190518004916642425402.jpg'),(30,'/images/product/30/201905180050161033502966.jpg'),(30,'/images/product/30/201905180050161300489669.jpg'),(30,'/images/product/30/201905180050161470850132.jpg'),(30,'/images/product/30/201905180050161860134614.jpg'),(30,'/images/product/30/20190518005016627725703.jpg'),(31,'/images/product/31/201905180052101219618297.jpg'),(31,'/images/product/31/201905180052101647781181.jpg'),(31,'/images/product/31/201905180052101974142418.jpg'),(31,'/images/product/31/201905180052102086482535.jpg'),(31,'/images/product/31/20190518005210260384903.jpg'),(31,'/images/product/31/20190518005210439919926.jpg'),(31,'/images/product/31/20190518005210548730140.jpg'),(32,'/images/product/32/201905180053521604189344.jpg'),(32,'/images/product/32/20190518005352173829518.jpg'),(32,'/images/product/32/2019051800535217857616.jpg'),(32,'/images/product/32/20190518005352338838962.jpg'),(32,'/images/product/32/20190518005352881951712.jpg'),(33,'/images/product/33/201905180055101161494909.jpg'),(33,'/images/product/33/20190518005510850766512.jpg'),(33,'/images/product/33/20190518005510901862454.jpg'),(34,'/images/product/34/201905180057551802999653.jpg'),(34,'/images/product/34/201905180057552075187677.jpg'),(34,'/images/product/34/20190518005755696567268.jpg'),(34,'/images/product/34/20190518005755789003539.jpg'),(34,'/images/product/34/20190518005755918634333.jpg'),(35,'/images/product/35/201905180100371153490986.jpg'),(35,'/images/product/35/201905180100381165602126.jpg'),(35,'/images/product/35/201905180100381449514792.jpg'),(35,'/images/product/35/20190518010038458503724.jpg'),(35,'/images/product/35/20190518010038576624605.jpg'),(35,'/images/product/35/20190518010038880430457.jpg'),(36,'/images/product/36/201905180107531871363708.jpg'),(36,'/images/product/36/20190518010753279492339.jpg'),(36,'/images/product/36/20190518010753291842081.jpg'),(36,'/images/product/36/20190518010753394920417.jpg'),(36,'/images/product/36/201905180107541218019910.jpg'),(37,'/images/product/37/201905180108511039822007.jpg'),(37,'/images/product/37/201905180108511338089661.jpg'),(37,'/images/product/37/201905180108511929062896.jpg'),(37,'/images/product/37/201905180108512009584171.jpg'),(37,'/images/product/37/2019051801085182311147.jpg'),(38,'/images/product/38/201905180109491406895072.jpg'),(38,'/images/product/38/201905180109491656735477.jpg'),(38,'/images/product/38/201905180109491708427402.jpg'),(38,'/images/product/38/20190518010949897316785.jpg'),(39,'/images/product/39/20190518011206142955021.jpg'),(39,'/images/product/39/201905180112061533236048.jpg'),(39,'/images/product/39/2019051801120624178315.jpg'),(39,'/images/product/39/20190518011206497177061.jpg'),(39,'/images/product/39/201905180112071452028616.jpg'),(39,'/images/product/39/2019051801120746557011.jpg'),(40,'/images/product/40/201905180114161082904115.jpg'),(40,'/images/product/40/201905180114161134758975.jpg'),(40,'/images/product/40/201905180114161289913815.jpg'),(40,'/images/product/40/201905180114161414888865.jpg'),(40,'/images/product/40/201905180114161596148661.jpg'),(40,'/images/product/40/20190518011416833276091.jpg'),(40,'/images/product/40/20190518011416996074576.jpg'),(41,'/images/product/41/201905180116201097283807.jpg'),(41,'/images/product/41/201905180116201102621223.jpg'),(41,'/images/product/41/201905180116201273153645.jpg'),(41,'/images/product/41/20190518011620140454189.jpg'),(41,'/images/product/41/201905180116201445853135.jpg'),(41,'/images/product/41/201905180116201558687042.jpg'),(41,'/images/product/41/201905180116201588454500.jpg'),(41,'/images/product/41/201905180116201861446686.jpg'),(42,'/images/product/42/201905180120161302147753.jpg'),(42,'/images/product/42/201905180120161423024968.jpg'),(42,'/images/product/42/201905180120161554342145.jpg'),(42,'/images/product/42/20190518012016477852025.jpg'),(42,'/images/product/42/20190518012016680694125.jpg'),(43,'/images/product/43/201905180121561975545846.jpg'),(43,'/images/product/43/201905180121562133095120.jpg'),(43,'/images/product/43/20190518012156264953535.jpg'),(43,'/images/product/43/2019051801215632252020.jpg'),(43,'/images/product/43/20190518012156387145553.jpg'),(43,'/images/product/43/20190518012156519449108.jpg'),(44,'/images/product/44/20190518013831100063971.jpg'),(44,'/images/product/44/20190518013831181515168.jpg'),(44,'/images/product/44/201905180138311840042831.jpg'),(44,'/images/product/44/201905180138311869086658.jpg'),(44,'/images/product/44/2019051801383141105958.jpg'),(44,'/images/product/44/20190518013831768768773.jpg'),(45,'/images/product/45/201905180141071148807229.jpg'),(45,'/images/product/45/201905180141071186651146.jpg'),(45,'/images/product/45/201905180141071210699020.jpg'),(45,'/images/product/45/201905180141071635998263.jpg'),(45,'/images/product/45/201905180141071961646271.jpg'),(45,'/images/product/45/201905180141072006177664.jpg'),(46,'/images/product/46/201905180150091006933519.jpg'),(46,'/images/product/46/201905180150091709326271.jpg'),(46,'/images/product/46/201905180150091832349484.jpg'),(46,'/images/product/46/20190518015009318601484.jpg'),(46,'/images/product/46/20190518015009362044316.jpg'),(46,'/images/product/46/20190518015009668603786.jpg'),(47,'/images/product/47/201905180152461119637932.jpg'),(47,'/images/product/47/201905180152461170049682.jpg'),(47,'/images/product/47/201905180152461432113117.jpg'),(47,'/images/product/47/201905180152461869951735.jpg'),(47,'/images/product/47/20190518015246399807381.jpg'),(47,'/images/product/47/20190518015246921716706.jpg'),(48,'/images/product/48/2019051801541714837316.jpg'),(48,'/images/product/48/20190518015417164618646.jpg'),(48,'/images/product/48/201905180154171773097797.jpg'),(48,'/images/product/48/201905180154172126441618.jpg'),(48,'/images/product/48/20190518015417907794854.jpg'),(49,'/images/product/49/20190518015557133218492.jpg'),(49,'/images/product/49/20190518015557432166208.jpg'),(49,'/images/product/49/20190518015557541523330.jpg'),(49,'/images/product/49/20190518015557861546116.jpg'),(50,'/images/product/50/201905180200081134884551.jpg'),(50,'/images/product/50/201905180200081791386292.jpg'),(50,'/images/product/50/201905180200081981031563.jpg'),(51,'/images/product/51/201905181432431336187563.jpg'),(51,'/images/product/51/201905181432431359091262.jpg'),(51,'/images/product/51/201905181432431671523191.jpg'),(51,'/images/product/51/201905181432431719277963.jpg'),(51,'/images/product/51/201905181432431962827917.jpg'),(51,'/images/product/51/20190518143243625244976.jpg'),(51,'/images/product/51/20190518143243907005928.jpg'),(51,'/images/product/51/201905181432441053201589.jpg'),(52,'/images/product/52/201905181433351921545271.jpg'),(52,'/images/product/52/201905181433351941916843.jpg'),(52,'/images/product/52/201905181433352021966914.jpg'),(52,'/images/product/52/201905181433352146801338.jpg'),(52,'/images/product/52/20190518143335945874775.jpg'),(53,'/images/product/53/201905181434411137465026.jpg'),(53,'/images/product/53/201905181434411191850801.jpg'),(53,'/images/product/53/20190518143441163241608.jpg'),(53,'/images/product/53/20190518143441933504560.jpg'),(53,'/images/product/53/20190518143442404847773.jpg'),(54,'/images/product/54/20190518143605108178111.jpg'),(54,'/images/product/54/201905181436051221634850.jpg'),(54,'/images/product/54/201905181436051446651200.jpg'),(54,'/images/product/54/201905181436051596465098.jpg'),(55,'/images/product/55/201905181437591064869922.jpg'),(55,'/images/product/55/20190518143759187660700.jpg'),(55,'/images/product/55/20190518143800366310733.jpg'),(55,'/images/product/55/20190518143800691630914.jpg'),(55,'/images/product/55/20190518143800762072637.jpg'),(55,'/images/product/55/20190518143800934922228.jpg'),(56,'/images/product/56/20190518143942245286273.jpg'),(56,'/images/product/56/20190518143942433871641.jpg'),(56,'/images/product/56/20190518143942524198783.jpg'),(56,'/images/product/56/20190518143942753353946.jpg'),(57,'/images/product/57/201905181442021056369708.jpg'),(57,'/images/product/57/201905181442021337131997.jpg'),(57,'/images/product/57/201905181442021777998376.jpg'),(57,'/images/product/57/20190518144202473538062.jpg'),(57,'/images/product/57/20190518144202806741311.jpg'),(58,'/images/product/58/201905181443331246635522.jpg'),(58,'/images/product/58/201905181443331327463748.jpg'),(58,'/images/product/58/201905181443331742438032.jpg'),(58,'/images/product/58/201905181443331886404403.jpg'),(58,'/images/product/58/20190518144333546613898.jpg'),(59,'/images/product/59/201905181444491169588018.jpg'),(59,'/images/product/59/20190518144449122183624.jpg'),(59,'/images/product/59/201905181444491263008213.jpg'),(59,'/images/product/59/201905181444491840002225.jpg'),(60,'/images/product/60/201905181447341404816649.jpg'),(60,'/images/product/60/201905181447342138567326.jpg'),(60,'/images/product/60/20190518144734275404165.jpg'),(60,'/images/product/60/20190518144734571778633.jpg'),(60,'/images/product/60/20190518144734940555350.jpg'),(61,'/images/product/61/201905181500211185082429.jpg'),(61,'/images/product/61/201905181500211242097244.jpg'),(61,'/images/product/61/201905181500211356165589.jpg'),(61,'/images/product/61/201905181500212074655675.jpg'),(62,'/images/product/62/201905181501261591376379.jpg'),(62,'/images/product/62/201905181501261983267465.jpg'),(62,'/images/product/62/20190518150126327076570.jpg'),(62,'/images/product/62/2019051815012675340785.jpg'),(63,'/images/product/63/201905181502411190272884.jpg'),(63,'/images/product/63/20190518150241148953308.jpg'),(63,'/images/product/63/201905181502411536123827.jpg'),(63,'/images/product/63/20190518150241245327956.jpg'),(63,'/images/product/63/20190518150241645070740.jpg'),(64,'/images/product/64/201905181516401067344669.jpg'),(64,'/images/product/64/20190518151640720862928.jpg'),(64,'/images/product/64/20190518151640726945383.jpg'),(64,'/images/product/64/20190518151640739820083.jpg'),(65,'/images/product/65/201905181521101098447918.jpg'),(65,'/images/product/65/201905181521101391791573.jpg'),(65,'/images/product/65/20190518152110198581876.jpg'),(65,'/images/product/65/20190518152110863708667.jpg'),(66,'/images/product/66/201905181522591206374450.jpg'),(66,'/images/product/66/201905181523001409195570.jpg'),(66,'/images/product/66/201905181523001657368379.jpg'),(66,'/images/product/66/20190518152300525910275.jpg'),(67,'/images/product/67/201905181525101359786814.jpg'),(67,'/images/product/67/20190518152510189476615.jpg'),(67,'/images/product/67/20190518152510228815041.jpg'),(67,'/images/product/67/20190518152510505617225.jpg'),(68,'/images/product/68/201905181526171188300339.jpg'),(68,'/images/product/68/20190518152617184694167.jpg'),(68,'/images/product/68/20190518152617769788693.jpg'),(68,'/images/product/68/20190518152617787858866.jpg'),(69,'/images/product/69/201905181528161086197042.jpg'),(69,'/images/product/69/201905181528161311869696.jpg'),(69,'/images/product/69/20190518152816436719902.jpg'),(70,'/images/product/70/201905181529241005396523.jpg'),(70,'/images/product/70/201905181529241261835125.jpg'),(70,'/images/product/70/201905181529241386439736.jpg'),(70,'/images/product/70/2019051815292421848841.jpg'),(70,'/images/product/70/20190518152924934426949.jpg'),(71,'/images/product/71/201905181530321442935496.jpg'),(71,'/images/product/71/201905181530322043408134.jpg'),(71,'/images/product/71/2019051815303265548799.jpg'),(71,'/images/product/71/20190518153032687646574.jpg'),(71,'/images/product/71/20190518153032931746748.jpg'),(72,'/images/product/72/201905181531441157051807.jpg'),(72,'/images/product/72/201905181531441419957038.jpg'),(72,'/images/product/72/20190518153144609728230.jpg'),(72,'/images/product/72/20190518153144901551612.jpg'),(73,'/images/product/73/201905181532421703102890.jpg'),(73,'/images/product/73/201905181532422029883523.jpg'),(73,'/images/product/73/20190518153242294906086.jpg'),(73,'/images/product/73/20190518153242413365956.jpg'),(74,'/images/product/74/201905181534061325040430.jpg'),(74,'/images/product/74/201905181534061649103014.jpg'),(74,'/images/product/74/201905181534061669494053.jpg'),(74,'/images/product/74/20190518153406584169816.jpg'),(75,'/images/product/75/201905181535011029987949.jpg'),(75,'/images/product/75/201905181535011525651310.jpg'),(75,'/images/product/75/201905181535011561587911.jpg'),(75,'/images/product/75/201905181535011618698598.jpg'),(76,'/images/product/76/20190518153609141823171.jpg'),(76,'/images/product/76/201905181536091787160287.jpg'),(76,'/images/product/76/20190518153609833880803.jpg'),(76,'/images/product/76/20190518153609844342020.jpg'),(77,'/images/product/77/201905181537271523653097.jpg'),(77,'/images/product/77/2019051815372728305030.jpg'),(77,'/images/product/77/20190518153727319890226.jpg'),(77,'/images/product/77/20190518153727333830051.jpg'),(77,'/images/product/77/20190518153727703849863.jpg'),(78,'/images/product/78/201905181551271137789002.jpg'),(78,'/images/product/78/201905181551271380563402.jpg'),(78,'/images/product/78/201905181551271582533619.jpg'),(78,'/images/product/78/201905181551271888927223.jpg'),(79,'/images/product/79/201905181552261009588732.jpg'),(79,'/images/product/79/201905181552261127629901.jpg'),(79,'/images/product/79/201905181552261413173227.jpg'),(79,'/images/product/79/20190518155226985979427.jpg'),(80,'/images/product/80/20190518155343641641517.jpg'),(80,'/images/product/80/20190518155343666234332.jpg'),(80,'/images/product/80/20190518155343823385819.jpg'),(80,'/images/product/80/2019051815534389350932.jpg'),(80,'/images/product/80/20190518155344586047905.jpg'),(81,'/images/product/81/201905181554441449393604.jpg'),(81,'/images/product/81/20190518155444251153371.jpg'),(81,'/images/product/81/20190518155444416029222.jpg'),(81,'/images/product/81/20190518155445299325379.jpg'),(82,'/images/product/82/201905181555561003141713.jpg'),(82,'/images/product/82/201905181555561950167653.jpg'),(82,'/images/product/82/20190518155556418764246.jpg'),(82,'/images/product/82/20190518155556627035230.jpg'),(83,'/images/product/83/201905181557151700769498.jpg'),(83,'/images/product/83/201905181557151812767353.jpg'),(83,'/images/product/83/20190518155715787821657.jpg'),(83,'/images/product/83/20190518155715856720175.jpg'),(84,'/images/product/84/201905181559011791654491.jpg'),(84,'/images/product/84/201905181559011828503737.jpg'),(84,'/images/product/84/201905181559011950027699.jpg'),(84,'/images/product/84/20190518155901282414744.jpg'),(84,'/images/product/84/20190518155901430959273.jpg'),(84,'/images/product/84/2019051815590186784516.jpg'),(85,'/images/product/85/201905181600171190919960.jpg'),(85,'/images/product/85/201905181600171357910171.jpg'),(85,'/images/product/85/201905181600171396096186.jpg'),(85,'/images/product/85/201905181600171829998170.jpg'),(85,'/images/product/85/201905181600172041347638.jpg'),(85,'/images/product/85/20190518160017698814154.jpg'),(86,'/images/product/86/201905181601321040045021.jpg'),(86,'/images/product/86/201905181601321084862594.jpg'),(86,'/images/product/86/201905181601321110791157.jpg'),(86,'/images/product/86/20190518160132252940003.jpg'),(86,'/images/product/86/20190518160132898103938.jpg'),(87,'/images/product/87/201905181602201729715767.jpg'),(87,'/images/product/87/2019051816022028611456.jpg'),(87,'/images/product/87/20190518160220576655658.jpg'),(88,'/images/product/88/201905181604011275845161.jpg'),(88,'/images/product/88/201905181604011509056999.jpg'),(88,'/images/product/88/20190518160401240392596.jpg'),(88,'/images/product/88/201905181604022074843383.jpg'),(89,'/images/product/89/201905181605011011411718.jpg'),(89,'/images/product/89/201905181605011564986761.jpg'),(89,'/images/product/89/20190518160501739092355.jpg'),(89,'/images/product/89/20190518160501909796077.jpg'),(90,'/images/product/90/201905181606181517103402.jpg'),(90,'/images/product/90/201905181606181681841304.jpg'),(90,'/images/product/90/20190518160618689481986.jpg'),(90,'/images/product/90/20190518160618875552968.jpg'),(91,'/images/product/91/201905181607352074073979.jpg'),(91,'/images/product/91/201905181607361745444995.jpg'),(91,'/images/product/91/20190518160736379156423.jpg'),(91,'/images/product/91/20190518160736922306031.jpg'),(92,'/images/product/92/201905181609081007000873.jpg'),(92,'/images/product/92/201905181609081567816289.jpg'),(92,'/images/product/92/201905181609082107754454.jpg'),(92,'/images/product/92/20190518160908245800019.jpg'),(94,'/images/product/94/201905181610171987986881.jpg'),(94,'/images/product/94/20190518161017235654059.jpg'),(94,'/images/product/94/201905181610181683906564.jpg'),(94,'/images/product/94/20190518161018943994112.jpg'),(95,'/images/product/95/201905181611251171362489.jpg'),(95,'/images/product/95/201905181611251253327934.jpg'),(95,'/images/product/95/201905181611251402344554.jpg'),(95,'/images/product/95/20190518161125823571934.jpg'),(95,'/images/product/95/20190518161126810089637.jpg'),(96,'/images/product/96/201905181612551140359306.jpg'),(96,'/images/product/96/201905181612551673309661.jpg'),(96,'/images/product/96/201905181612552010584881.jpg'),(96,'/images/product/96/2019051816125538028166.jpg'),(96,'/images/product/96/201905181612561636145167.jpg'),(97,'/images/product/97/201905181613491665654985.jpg'),(97,'/images/product/97/20190518161349505456182.jpg'),(97,'/images/product/97/2019051816134951030230.jpg'),(97,'/images/product/97/20190518161349676695120.jpg'),(97,'/images/product/97/20190518161349964109319.jpg'),(98,'/images/product/98/201905181615011149304842.jpg'),(98,'/images/product/98/20190518161501203283005.jpg'),(98,'/images/product/98/201905181615012100490985.jpg'),(98,'/images/product/98/20190518161501440697087.jpg'),(99,'/images/product/99/201905181615561087342920.jpg'),(99,'/images/product/99/20190518161556406814324.jpg'),(99,'/images/product/99/20190518161557215210391.jpg'),(99,'/images/product/99/20190518161557701892222.jpg'),(100,'/images/product/100/201905181616451046055894.jpg'),(100,'/images/product/100/201905181616451328426516.jpg'),(100,'/images/product/100/201905181616451452792577.jpg'),(100,'/images/product/100/20190518161645199623522.jpg'),(101,'/images/product/101/201905181617531350586295.jpg'),(101,'/images/product/101/201905181617531376421057.jpg'),(101,'/images/product/101/201905181617531423707842.jpg'),(101,'/images/product/101/201905181617531600930299.jpg'),(101,'/images/product/101/20190518161753761188310.jpg'),(101,'/images/product/101/20190518161753837521860.jpg'),(102,'/images/product/102/201905181618431089402310.jpg'),(102,'/images/product/102/201905181618431235929972.jpg'),(102,'/images/product/102/201905181618431396589096.jpg'),(102,'/images/product/102/20190518161843188158223.jpg'),(102,'/images/product/102/201905181618431894027616.jpg'),(103,'/images/product/103/201905181623261058502389.jpg'),(103,'/images/product/103/201905181623261085615201.jpg'),(103,'/images/product/103/201905181623261521053887.jpg'),(104,'/images/product/104/201905181624191155241079.jpg'),(104,'/images/product/104/201905181624191562257740.jpg'),(104,'/images/product/104/20190518162419698346321.jpg'),(105,'/images/product/105/20190518162516105082467.jpg'),(105,'/images/product/105/20190518162516183738261.jpg'),(105,'/images/product/105/2019051816251660397162.jpg'),(106,'/images/product/106/201905181626011082271910.jpg'),(106,'/images/product/106/201905181626011155464616.jpg'),(106,'/images/product/106/201905181626011406217794.jpg'),(107,'/images/product/107/201905181627011527667855.jpg'),(107,'/images/product/107/201905181627012140757738.jpg'),(107,'/images/product/107/20190518162701245151081.jpg'),(108,'/images/product/108/201905181627521089175049.jpg'),(108,'/images/product/108/2019051816275223655770.jpg'),(108,'/images/product/108/20190518162752309013252.jpg'),(109,'/images/product/109/201905181629161250957014.jpg'),(109,'/images/product/109/201905181629161846985436.jpg'),(109,'/images/product/109/20190518162916400363094.jpg'),(109,'/images/product/109/20190518162916697702890.jpg'),(110,'/images/product/110/20190518163029703182071.jpg'),(110,'/images/product/110/20190518163029727136045.jpg'),(110,'/images/product/110/20190518163030198543266.jpg'),(111,'/images/product/111/201905181631391226214189.jpg'),(111,'/images/product/111/201905181631392118653309.jpg'),(111,'/images/product/111/20190518163139681658733.jpg'),(112,'/images/product/112/201905181632501434679423.jpg'),(112,'/images/product/112/201905181632502113488792.jpg'),(112,'/images/product/112/2019051816325035651649.jpg'),(113,'/images/product/113/20190518163331581317650.jpg'),(113,'/images/product/113/20190518163331836389143.jpg'),(113,'/images/product/113/20190518163331854254347.jpg'),(114,'/images/product/114/201905181634561007597418.jpg'),(114,'/images/product/114/201905181634562064525180.jpg'),(114,'/images/product/114/2019051816345649742467.jpg'),(115,'/images/product/115/201905181635571174514533.jpg'),(115,'/images/product/115/201905181635571351359394.jpg'),(115,'/images/product/115/20190518163557173750819.jpg'),(116,'/images/product/116/20190518163648112792810.jpg'),(116,'/images/product/116/20190518163648302760074.jpg'),(116,'/images/product/116/2019051816364869808803.jpg'),(117,'/images/product/117/201905181638091876183390.jpg'),(117,'/images/product/117/20190518163809230049961.jpg'),(117,'/images/product/117/20190518163809352121626.jpg'),(117,'/images/product/117/20190518163809466140630.jpg'),(118,'/images/product/118/20190518163915146669235.jpg'),(118,'/images/product/118/201905181639161007886527.jpg'),(118,'/images/product/118/201905181639161015870910.jpg'),(119,'/images/product/119/201905181640231664839068.jpg'),(119,'/images/product/119/201905181640231949819442.jpg'),(119,'/images/product/119/20190518164023541303288.jpg'),(120,'/images/product/120/201905181641011014925403.jpg'),(120,'/images/product/120/201905181641012023581161.jpg'),(120,'/images/product/120/20190518164101673041651.jpg'),(121,'/images/product/121/201905181642051363707178.jpg'),(121,'/images/product/121/201905181642051491326058.jpg'),(121,'/images/product/121/20190518164205812633290.jpg'),(122,'/images/product/122/20190518164326248983360.jpg'),(122,'/images/product/122/20190518164326430389462.jpg'),(122,'/images/product/122/20190518164326526812384.jpg'),(122,'/images/product/122/20190518164326785706779.jpg'),(123,'/images/product/123/201905181644421957334797.jpg'),(123,'/images/product/123/20190518164442311903667.jpg'),(123,'/images/product/123/201905181644431520119753.jpg'),(124,'/images/product/124/201905181645221940442022.jpg'),(124,'/images/product/124/201905181645221975699936.jpg'),(124,'/images/product/124/20190518164522428108844.jpg'),(125,'/images/product/125/201905181646551308214395.jpg'),(125,'/images/product/125/201905181646551511150123.jpg'),(125,'/images/product/125/201905181646552072474288.jpg'),(125,'/images/product/125/201905181646561733401512.jpg');
/*!40000 ALTER TABLE `img` ENABLE KEYS */;
UNLOCK TABLES;

--
-- Table structure for table `order_product`
--

DROP TABLE IF EXISTS `order_product`;
/*!40101 SET @saved_cs_client     = @@character_set_client */;
/*!40101 SET character_set_client = utf8 */;
CREATE TABLE `order_product` (
  `orderID` int(11) NOT NULL AUTO_INCREMENT,
  `accID` int(11) NOT NULL,
  `status` varchar(32) DEFAULT '\0',
  `name` varchar(128) NOT NULL,
  `address` varchar(100) NOT NULL,
  `phone` varchar(12) NOT NULL,
  `total` int(11) NOT NULL,
  `message` varchar(250) DEFAULT NULL,
  `created` varchar(12) DEFAULT NULL,
  `shipping` varchar(12) NOT NULL,
  `payment` varchar(12) NOT NULL,
  PRIMARY KEY (`orderID`),
  KEY `accID` (`accID`),
  CONSTRAINT `order_product_ibfk_1` FOREIGN KEY (`accID`) REFERENCES `account` (`accID`)
) ENGINE=InnoDB AUTO_INCREMENT=3 DEFAULT CHARSET=utf8;
/*!40101 SET character_set_client = @saved_cs_client */;

--
-- Dumping data for table `order_product`
--

LOCK TABLES `order_product` WRITE;
/*!40000 ALTER TABLE `order_product` DISABLE KEYS */;
INSERT INTO `order_product` VALUES (1,1,'Chờ xác nhận','Trần Hữu Trí','Hoàng Mai','0332157494',218000,'hello','18-05-2019 ','standard','momo'),(2,2,'Chờ xác nhận','Pham Van A','1 Hoang Mai','2904932983',1000000,'hello','18-05-2019 ','24h','credit');
/*!40000 ALTER TABLE `order_product` ENABLE KEYS */;
UNLOCK TABLES;

--
-- Table structure for table `product`
--

DROP TABLE IF EXISTS `product`;
/*!40101 SET @saved_cs_client     = @@character_set_client */;
/*!40101 SET character_set_client = utf8 */;
CREATE TABLE `product` (
  `proID` int(11) NOT NULL AUTO_INCREMENT,
  `proName` varchar(100) NOT NULL,
  `price` int(11) NOT NULL,
  `type` varchar(30) DEFAULT 'NONE',
  `created` varchar(12) NOT NULL,
  `description` varchar(200) DEFAULT NULL,
  `material` varchar(200) DEFAULT NULL,
  `companyID` int(11) DEFAULT NULL,
  `viewed` int(11) DEFAULT '0',
  `gender` varchar(20) DEFAULT NULL,
  `import_price` int(11) DEFAULT NULL,
  PRIMARY KEY (`proID`),
  KEY `companyID` (`companyID`),
  CONSTRAINT `product_ibfk_1` FOREIGN KEY (`companyID`) REFERENCES `company` (`companyID`)
) ENGINE=InnoDB AUTO_INCREMENT=126 DEFAULT CHARSET=utf8;
/*!40101 SET character_set_client = @saved_cs_client */;

--
-- Dumping data for table `product`
--

LOCK TABLES `product` WRITE;
/*!40000 ALTER TABLE `product` DISABLE KEYS */;
INSERT INTO `product` VALUES (1,'Áo TankTop Nam',250000,'TankTop','17-05-2019 ','Áo sát nách nam cổ tròn thuộc dòng Casual','100% Cotton USA',1,0,'M',160000),(2,'Áo Phông Nam Cổ TIm',300000,'Áo Phông','17-05-2019 ','Áo phông cổ tim tay cộc dáng regular','100% Cotton',1,0,'M',160000),(3,'Áo Phông Nam Cổ Tròn Ngắn Tay',210000,'Áo Phông','17-05-2019 ','Áo thun nam dáng regular, cổ tròn, tay cộc','100% Cotton USA',6,0,'M',140000),(4,'Áo Phông Nam OEKOTEX',270000,'Áo Phông','17-05-2019 ','Áo thun nam ngắn tay trơn màu thuộc dòng Casual. Thiết kế cổ tim đơn giản dễ dàng phối hợp cùng nhiều trang phục khác nhau','95% Cotton, 5% Spandex',2,0,'M',180000),(5,'Áo Phông Nam Bo Gấu',260000,'Áo Phông','17-05-2019 ','Áo thun nam ngắn tay in chữ mặt sau nằm trong bộ sưu tập Boyhood','64% Polyester, 34% Cotton, 2% Spandex',2,0,'M',190000),(6,'Áo Ba Lỗ',160000,'TankTop','17-05-2019 ','Áo ba lỗ mát mẻ','Cotton',2,0,'M',120000),(7,'Áo Ba Lỗ Nam Mickey',190000,'TankTop','17-05-2019 ','Dáng thông thường (regular)','100% Cotton',2,0,'M',150000),(8,'Áo Phông Nam Mickey',200000,'Áo Phông','17-05-2019 ','Dáng thông thường (regular)','100% Cotton US',2,0,'M',150000),(9,'Áo Thun Nam Ngắn Tay In Hình',200000,'Áo Phông','17-05-2019 ','Dáng thông thường (regular)','100% Cotton US',5,0,'M',150000),(10,'Áo Phông Nam Avenger',200000,'Áo Phông','17-05-2019 ','Dáng thông thường (regular)','100% Cotton US',8,0,'M',150000),(11,'Áo Phông Nam In To',200000,'Áo Phông','17-05-2019 ','Dáng thông thường (regular)','100% Cotton US',8,0,'M',150000),(12,'Áo Phông Nam In Vừa',200000,'Áo Phông','17-05-2019 ','Dáng thông thường (regular)','100% Cotton US',8,0,'M',150000),(13,'Áo Polo Nam',200000,'Áo Polo','18-05-2019 ','Dáng Regular Fit','95%cotton 5% spandex',2,0,'M',150000),(14,'Áo Polo Nam Cơ Bản',300000,'Áo Polo','18-05-2019 ','Cổ đức, tay cộc','95%cotton 5% spandex',3,0,'M',200000),(15,'Áo Polo Đức',450000,'Áo Polo','18-05-2019 ','Dáng Regular','67% cotton 33% polyester drytech',8,0,'M',300000),(16,'Áo Polo Quý Ông',450000,'Áo Polo','18-05-2019 ','Dáng Regular','67% cotton 33% polyester drytech',8,0,'M',300000),(17,'Áo Polo Trẻ Trâu',50000,'Áo Polo','18-05-2019 ','Dáng Regular','95% cotton 5% spandex',5,0,'M',20000),(18,'Áo Polo Kẻ',50000,'Áo Polo','18-05-2019 ','Dáng Regular','95% cotton 5% spandex',8,0,'M',20000),(19,'Áo Polo Chấm Bi',50000,'Áo Polo','18-05-2019 ','Dáng Regular','95% cotton 5% spandex',8,0,'M',20000),(20,'Áo Sơ Mi Nam Linen',580000,'Áo sơ mi','18-05-2019 ','Dáng Regular','100% linen',2,0,'M',400000),(21,'Áo Sơ Mi Nam Caro',460000,'Áo sơ mi','18-05-2019 ','Dáng Regular','100% lụa',2,0,'M',350000),(22,'Áo Sơ Mi Nam Quý Tộc',999000,'Áo sơ mi','18-05-2019 ','Dáng Regular','97% cotton 3% lycra',8,0,'M',700000),(23,'Áo Sơ Mi Nam Cái Bang',30000,'Áo sơ mi','18-05-2019 ','Dáng Regular','100% nilon',1,0,'M',10000),(24,'Áo Sơ Mi Nam Đen Sì',300000,'Áo sơ mi','18-05-2019 ','Dáng Regular','50% Cotton 50% tencel Lyocell',5,0,'M',100000),(25,'Áo Sơ Mi Nam Hoa Lá',300000,'Áo sơ mi','18-05-2019 ','Dáng Regular','50% Cotton 50% tencel Lyocell',5,0,'M',100000),(26,'Áo Sơ Mi Nam Ngắn Tay',350000,'Áo sơ mi','18-05-2019 ','Dáng Regular','100% Cotton',2,0,'M',200000),(27,'Áo Chống Nắng Nam',550000,'Áo Khoác','18-05-2019 ','Ngăn tia cực tím từ ánh nắng mặt trời với mức độ ngăn chặn 97% tia có hại tác động lên da người mặc.','100% polyester',3,0,'M',400000),(28,'Áo Len Cổ Tròn',550000,'Áo Len','18-05-2019 ','Dáng thông thường (regular)','53% linen 47% cotton',6,0,'M',400000),(29,'Áo Len Ngắn Tay',550000,'Áo Len','18-05-2019 ','Dáng thông thường (regular)','53% linen 47% cotton',5,0,'M',400000),(30,'Áo Len Cổ Bẻ',550000,'Áo Len','18-05-2019 ','Dáng thông thường (regular)','53% linen 47% cotton',5,0,'M',400000),(31,'Bộ Ngủ Caro',450000,'Đồ Ngủ','18-05-2019 ','Bộ mặc nhà nam kẻ caro ngắn tay','100% Cotton',3,0,'M',350000),(32,'Quần Mặc Nhà',450000,'Đồ Ngủ','18-05-2019 ','Bộ mặc nhà nam kẻ caro ngắn tay','100% Cotton',3,0,'M',350000),(33,'Quần Sịp Nam',450000,'Đồ Lót','18-05-2019 ','Dáng bó sát (Skinny)\n','100% Cotton',3,0,'M',350000),(34,'Quần Shorts Nam Active',240000,'Đồ Shorts','18-05-2019 ','Quần shorts nam cạp chun thuộc dòng Active','100% Cotton',3,0,'M',25000),(35,'Quần Âu Nam',690000,'Đồ Âu','18-05-2019 ','Quần âu nam phom slimfit thuộc dòng Work&Play thanh lịch, phóng khoáng','80% Polyester 15% Rayon 5% Wool',8,0,'M',460000),(36,'Quần Jeans Nam Dáng Ôm',540000,'Quần Jeans','18-05-2019 ','Quần âu nam phom slimfit thuộc dòng Work&Play thanh lịch, phóng khoáng','99% cotton 1% spandex',8,0,'M',460000),(37,'Quần Jeans Nam Màu Nhạt',540000,'Quần Jeans','18-05-2019 ','Quần âu nam phom slimfit thuộc dòng Work&Play thanh lịch, phóng khoáng','99% cotton 1% spandex',8,0,'M',460000),(38,'Quần Jeans Nam Đen Sì',540000,'Quần Jeans','18-05-2019 ','Quần đen như cục than','99% cotton 1% spandex',8,0,'M',460000),(39,'Quần Vải Nam',350000,'Quần Vải','18-05-2019 ','Quần vải nam dáng regular\n','100% tencel',8,0,'M',300000),(40,'Quần Khaki Nam',570000,'Quần Khaki','18-05-2019 ','Quần khaki nam\n','100% vải',8,0,'M',450000),(41,'Quần Shorts Nam',400000,'Quần Shorts','18-05-2019 ','Quần sót nam\n','100% vải',8,0,'M',300000),(42,'Áo Phông Nữ Rộng',280000,'Áo Phông','18-05-2019 ','Phom dáng dáng vuông, cổ tim ,tay chờm, kết cấu tay khác biệt tạo cảm giác nữ tính cho sản phẩm.','100% cotton',6,0,'F',200000),(43,'Áo Ba Lỗ Nữ Có Mũ Mickey',280000,'TankTop','18-05-2019 ','Áo hoodie chất liệu bambo co giãn.\n','95% bamboo 5% spandex',6,0,'F',200000),(44,'Áo Phông Nữ Họa Tiết Kẻ',260000,'Áo Phông','18-05-2019 ','Cổ thuyền, tay cộc\n','61% polyester 34% viscose 5% spandex',6,0,'F',200000),(45,'Áo Phông Nữ In To',220000,'Áo Phông','18-05-2019 ','Dáng thông thường (regular)\n','100% Cotton US',6,0,'F',200000),(46,'Áo Phông Nữ Caì Khuy',300000,'Áo Phông','18-05-2019 ','Dáng ôm(slim)\n','100% Cotton US',6,0,'F',200000),(47,'Áo Phông Nữ Disney',190000,'Áo Phông','18-05-2019 ','Dáng thông thường (regular)\n','100% Cotton US',8,0,'F',110000),(48,'Áo Phông Nữ Mát',240000,'Áo Phông','18-05-2019 ','Dáng ôm (slim)\n','85% polyester 15% linen ',8,0,'F',200000),(49,'Áo Phông Nữ Cổ Tim',240000,'Áo Phông','18-05-2019 ','Dáng ôm (slim)\n','85% polyester 15% linen ',8,0,'F',200000),(50,'Quần Chip Nữ',79000,'Đồ Lót','18-05-2019 ','Dáng thông thường (regular)\n','100% vải',8,0,'F',60000),(51,'Áo Polo Nữ',350000,'Áo polo','18-05-2019 ','Dáng thông thường (regular)\n','95%cotton 5% spandex',8,0,'F',250000),(52,'Áo Polo Nữ Ngắn Tay',350000,'Áo polo','18-05-2019 ','Dáng thông thường (regular)\n','95%cotton 5% spandex',8,0,'F',250000),(53,'Áo Polo Nữ Hạo Tiết Kẻ',350000,'Áo polo','18-05-2019 ','Dáng thông thường (regular)\n','95%cotton 5% spandex',8,0,'F',250000),(54,'Áo Sơ Mi Nữ Lụa',300000,'Áo sơ mi','18-05-2019 ','Áo sơ mi nữ\n','100% cotton',8,0,'F',200000),(55,'Áo Sơ Mi Sát Nách',360000,'Áo sơ mi','18-05-2019 ','Áo sơ mi nữ\n','100% cotton',6,0,'F',200000),(56,'Áo Sơ Mi Tay Liền',290000,'Áo sơ mi','18-05-2019 ','Áo sơ mi nữ\n','100% cotton',6,0,'F',200000),(57,'Áo Sơ Mi Dài Tay',600000,'Áo sơ mi','18-05-2019 ','Dáng thông thường (regular)\n','74% modal 23% polyester 3% elastane',2,0,'F',390000),(58,'Áo Sơ Mi Kẻ',500000,'Áo sơ mi','18-05-2019 ','Dáng thông thường (regular)\n','54% linen 46% cotton',1,0,'F',390000),(59,'Áo Sơ Mi Dịu Dàng',450000,'Áo sơ mi','18-05-2019 ','Dáng thông thường (regular)\n','100% cotton',5,0,'F',390000),(60,'Áo Chống Nắng Nữ',450000,'Áo chống nắng','18-05-2019 ','Dáng thông thường (regular)\n','87% Polyester 13% Lycra',5,0,'F',390000),(61,'Áo Khoác Dáng Váy Nữ Vạt Quấn',300000,'Áo chống nắng','18-05-2019 ','Áo khoác dáng váy, vạt quấn, đai thắt eo\n','87% Polyester 13% Lycra',6,0,'F',200000),(62,'Áo Khoác Bomber Nữ',300000,'Áo khoác','18-05-2019 ','Áo khoác dáng váy, vạt quấn, đai thắt eo\n','87% Polyester 13% Lycra',6,0,'F',200000),(63,'Áo Len Nữ Họa Tiết',300000,'Áo Len','18-05-2019 ','Áo khoác dáng váy, vạt quấn, đai thắt eo\n','87% Polyester 13% Lycra',6,0,'F',200000),(64,'Áo Len Nữ Dài Tay',1400000,'Áo Len','18-05-2019 ','Áo khoác dáng váy, vạt quấn, đai thắt eo\n','50%Cashmere50%Wool',6,0,'F',1000000),(65,'Áo Len Nữ Cộc Tay',900000,'Áo Len','18-05-2019 ','Áo khoác dáng váy, vạt quấn, đai thắt eo\n','50%Cashmere50%Wool',6,0,'F',400000),(66,'Áo Ba Lỗ Nữ',350000,'TankTop','18-05-2019 ','Dáng crop\n','68.6% rayon 29.4%polyester 2% spandex',6,0,'F',300000),(67,'Áo Ba Lỗ Nữ Cổ Tim',350000,'TankTop','18-05-2019 ','Dáng crop\n','68.6% rayon 29.4%polyester 2% spandex',6,0,'F',300000),(68,'Áo Ba Lỗ Nữ Cái Bang',350000,'TankTop','18-05-2019 ','Dáng crop\n','68.6% rayon 29.4%polyester 2% spandex',6,0,'F',300000),(69,'Bộ Mặc Nhà Nữ Họa Tiết',500000,'Đồ Ở Nhà','18-05-2019 ','Dáng thông thường (regular)\n','100% Rayon',8,0,'F',400000),(70,'Bộ Mặc Nhà Nữ Quần Lứng',550000,'Đồ Ở Nhà','18-05-2019 ','Dáng thông thường (regular)\n','100% Rayon',8,0,'F',400000),(71,'Áo Hai Dây Nữ',150000,'Đồ Ở Nhà','18-05-2019 ','Dáng thông thường (regular)\n','100% Rayon',8,0,'F',100000),(72,'Quần Shorts Mặc Nhà Nữ',150000,'Đồ Ở Nhà','18-05-2019 ','Dáng thông thường (regular)\n','100% Rayon',8,0,'F',100000),(73,'Quần Shorts Mặc Nhà Nữ Kẻ Ngang',150000,'Đồ Ở Nhà','18-05-2019 ','Dáng thông thường (regular)\n','100% Rayon',8,0,'F',100000),(74,'Quần Lót',80000,'Đồ Lót','18-05-2019 ','Dáng bó sát (skinny)\n','100% Rayon',6,0,'F',50000),(75,'Quần Lót Lưới',80000,'Đồ Lót','18-05-2019 ','Dáng bó sát (skinny)\n','100% Rayon',6,0,'F',50000),(76,'Áo Thể Thao Nữ',160000,'Áo Phông','18-05-2019 ','Dáng bó sát (skinny)\n','100% Rayon',6,0,'F',100000),(77,'Chân Váy Active',130000,'Chân Váy','18-05-2019 ','Dáng bó sát (skinny)\n','87% Polyester 13% Lycra',6,0,'F',100000),(78,'Váy Liền Nữ',450000,'Váy','18-05-2019 ','Dám ôm (slim) \n','95% cotton 5% spandex ',6,0,'F',300000),(79,'Váy Nữ Sát Nách',800000,'Váy','18-05-2019 ','Váy nữ sát nách dáng suông nằm trong BST Super Brights\n','95% cotton 5% spandex ',6,0,'F',600000),(80,'Váy Nữ Sát Nách Ngắn',800000,'Váy','18-05-2019 ','Váy nữ sát nách dáng suông nằm trong BST Super Brights\n','95% cotton 5% spandex ',6,0,'F',600000),(81,'Váy Liền Nữ',600000,'Váy','18-05-2019 ','Váy nữ sát nách dáng suông nằm trong BST Super Brights\n','95% cotton 5% spandex ',6,0,'F',400000),(82,'Váy Liền Nữ Hở Vai Xòe',600000,'Váy','18-05-2019 ','Váy nữ sát nách dáng suông nằm trong BST Super Brights\n','95% cotton 5% spandex ',6,0,'F',400000),(83,'Váy Liền Nữ Hở Vai Xòe',600000,'Váy','18-05-2019 ','Váy nữ sát nách dáng suông nằm trong BST Super Brights\n','95% cotton 5% spandex ',6,0,'F',400000),(84,'Váy Chéo',500000,'Váy','18-05-2019 ','Đầm ôm nữ sát nách thuộc dòng Work & Play\n','95% cotton 5% spandex ',6,0,'F',300000),(85,'Váy Yếm',500000,'Váy','18-05-2019 ','Váy yếm nữ dáng lệch, gấu xòe, dáng regular\n','95% cotton 5% spandex ',6,0,'F',300000),(86,'Váy Kẻ',440000,'Váy','18-05-2019 ','Váy liền nữ\n','95% cotton 5% spandex ',6,0,'F',300000),(87,'Váy Hoa Lá',440000,'Váy','18-05-2019 ','Váy liền nữ\n','95% cotton 5% spandex ',6,0,'F',300000),(88,'Chân Váy Xòe Lệch',350000,'Chân Váy','18-05-2019 ','Chân váy nữ dáng lệch, gấu xòe, dáng regular\n','100% Polyester',8,0,'F',250000),(89,'Chân Váy Jeans',350000,'Chân Váy','18-05-2019 ','Chân váy nữ dáng lệch, gấu xòe, dáng regular\n','98.5% cotton 1.5% spandex',8,0,'F',250000),(90,'Quần Jeans Nữ Ống Bó',550000,'Quần Jeans','18-05-2019 ','Dáng ôm sát (skinny)\n','98.5% cotton 1.5% spandex',8,0,'F',400000),(91,'Quần Jeans Nữ BoyFriend',700000,'Quần Jeans','18-05-2019 ','Dáng boyfriend\n','98.5% cotton 1.5% spandex',8,0,'F',400000),(92,'Quần Dài Nữ Kẻ',800000,'Quần Dài','18-05-2019 ','Dáng thông thường (regular)\n','100% cotton',8,0,'F',550000),(93,'Quần Dài Nữ Line Dáng Suông',800000,'Quần Dài','18-05-2019 ','Dáng thông thường (regular)\n','100% cotton',3,0,'F',550000),(94,'Quần Dài Nữ Line Dáng Suông',650000,'Quần Dài','18-05-2019 ','Dáng thông thường (regular)\n','100% cotton',3,0,'F',550000),(95,'Quần Dài Nữ Buộc Dây Cạp',650000,'Quần Dài','18-05-2019 ','Dáng thông thường (regular)\n','100% cotton',3,0,'F',550000),(96,'Quần Shorts Nữ Linen',450000,'Quần Shorts','18-05-2019 ','Dáng thông thường (regular)\n','100% linen',3,0,'F',350000),(97,'Quần Shorts Nữ Linen',450000,'Quần Shorts','18-05-2019 ','Dáng thông thường (regular)\n','100% linen',3,0,'F',350000),(98,'Quần Shorts Nữ Dáng A',450000,'Quần Shorts','18-05-2019 ','Dáng thông thường (regular)\n','100% linen',5,0,'F',350000),(99,'Quần Shorts Kẻ',350000,'Quần Shorts','18-05-2019 ','Dáng thông thường (regular)\n','100% linen',5,0,'F',250000),(100,'Quần Shorts Jeans',350000,'Quần Shorts','18-05-2019 ','Dáng thông thường (regular)\n','100% linen',5,0,'F',250000),(101,'Quần Shorts Khaki',300000,'Quần Shorts','18-05-2019 ','Dáng thông thường (regular)\n','100% linen',5,0,'F',250000),(102,'Quần Shorts In Hình',320000,'Quần Shorts','18-05-2019 ','Dáng thông thường (regular)\n','100% linen',5,0,'F',250000),(103,'Áo Phông Bé Trai Họa Tiết Kẻ',150000,'Áo Phông','18-05-2019 ','Áo phông cotton USA kẻ ngang.\n','100% cotton',5,0,'K',100000),(104,'Áo Phông Bé Trai Có Mũ',150000,'Áo Phông','18-05-2019 ','Áo phông cotton USA kẻ ngang.\n','100% cotton',5,0,'K',100000),(105,'Áo Phông Bé Trai In Chữ',200000,'Áo Phông','18-05-2019 ','Áo phông cotton USA kẻ ngang.\n','100% cotton',5,0,'K',100000),(106,'Áo Phông Bé Trai In Hình',200000,'Áo Phông','18-05-2019 ','Áo phông cotton USA kẻ ngang.\n','100% cotton',5,0,'K',100000),(107,'Áo Sơ Mi Bé Trai',250000,'Áo sơ mi','18-05-2019 ','Áo phông cotton USA kẻ ngang.\n','100% cotton',5,0,'K',100000),(108,'Áo Sơ Mi Bé Trai Hoa Lá',250000,'Áo sơ mi','18-05-2019 ','Áo sơ mi denim ngắn tay bé trai thuộc dòng Casual nằm trong bộ sưu tập Tropical Jeans\n','100% cotton',2,0,'K',100000),(109,'Áo Khoác Bé Trai',300000,'Áo Khoác','18-05-2019 ','Áo sơ mi denim ngắn tay bé trai thuộc dòng Casual nằm trong bộ sưu tập Tropical Jeans\n','100% cotton',2,0,'K',200000),(110,'Quần Jeans Bé Trai',300000,'Quần Jeans','18-05-2019 ','Áo sơ mi denim ngắn tay bé trai thuộc dòng Casual nằm trong bộ sưu tập Tropical Jeans\n','98,5% cotton 1,5% spandex ',2,0,'K',200000),(111,'Quần Khaki Bé Trai',300000,'Quần Khaki','18-05-2019 ','Áo sơ mi denim ngắn tay bé trai thuộc dòng Casual nằm trong bộ sưu tập Tropical Jeans\n','98,5% cotton 1,5% spandex ',2,0,'K',200000),(112,'Quần Shorts Bé Trai',200000,'Quần Shorts','18-05-2019 ','Dáng thông thường (regular)\n','55% Linen 45% Cotton',2,0,'K',100000),(113,'Quần Shorts Bé Trai Kẻ',200000,'Quần Shorts','18-05-2019 ','Dáng thông thường (regular)\n','55% Linen 45% Cotton',2,0,'K',100000),(114,'Áo Phông Bé Gái In Hình',150000,'Áo Phông','18-05-2019 ','Dáng thông thường (regular)\n','100% Cotton',2,0,'K',100000),(115,'Áo Phông Bé Gái In To',150000,'Áo Phông','18-05-2019 ','Dáng thông thường (regular)\n','100% Cotton',2,0,'K',100000),(116,'Áo Phông Bé Gái Lưới',160000,'Áo Phông','18-05-2019 ','Dáng thông thường (regular)\n','100% Cotton',5,0,'K',100000),(117,'Áo Sơ Mi Bé Gái Dài Tay',200000,'Áo sơ mi','18-05-2019 ','Dáng thông thường (regular)\n','100% Cotton',5,0,'K',120000),(118,'Áo Sơ Mi Bé Gái Caro',200000,'Áo sơ mi','18-05-2019 ','Dáng thông thường (regular)\n','100% Cotton',5,0,'K',120000),(119,'Váy Bé Gái Họa Tiết Kẻ',300000,'Váy','18-05-2019 ','Váy liền chất liệu cotton US có co giãn kẻ.\n','100% Cotton',5,0,'K',120000),(120,'Váy Bé Gái Họa Tiết In Hình',300000,'Váy','18-05-2019 ','Váy liền chất liệu cotton US có co giãn kẻ.\n','100% Cotton',5,0,'K',120000),(121,'Chân Váy Bé Gái',240000,'Chân Váy','18-05-2019 ','Váy liền chất liệu cotton US có co giãn kẻ.\n','100% Cotton',5,0,'K',120000),(122,'Quần Lửng Bé Gái',320000,'Quần Dài','18-05-2019 ','Váy liền chất liệu cotton US có co giãn kẻ.\n','100% Cotton',5,0,'K',200000),(123,'Quần Shorts Bé Gái Mickey',160000,'Quần Shorts','18-05-2019 ','Quần shorts bé gái mickey\n','60%cotton 40% polyester',3,0,'K',100000),(124,'Quần Shorts Bé Gái ',160000,'Quần Shorts','18-05-2019 ','Quần shorts bé gái mickey\n','60%cotton 40% polyester',3,0,'K',100000),(125,'Đầm Suông Nữ',650000,'Váy','18-05-2019 ','Cổ kiểu, tay lửng\n','60%cotton 40% polyester',3,0,'F',400000);
/*!40000 ALTER TABLE `product` ENABLE KEYS */;
UNLOCK TABLES;

--
-- Table structure for table `product_option`
--

DROP TABLE IF EXISTS `product_option`;
/*!40101 SET @saved_cs_client     = @@character_set_client */;
/*!40101 SET character_set_client = utf8 */;
CREATE TABLE `product_option` (
  `optID` int(11) NOT NULL AUTO_INCREMENT,
  `proID` int(11) NOT NULL,
  `size` varchar(2) NOT NULL,
  `color` varchar(128) NOT NULL DEFAULT 'Black',
  `stock_quantity` int(11) NOT NULL,
  PRIMARY KEY (`optID`),
  KEY `proID` (`proID`),
  CONSTRAINT `product_option_ibfk_1` FOREIGN KEY (`proID`) REFERENCES `product` (`proID`)
) ENGINE=InnoDB AUTO_INCREMENT=1117 DEFAULT CHARSET=utf8;
/*!40101 SET character_set_client = @saved_cs_client */;

--
-- Dumping data for table `product_option`
--

LOCK TABLES `product_option` WRITE;
/*!40000 ALTER TABLE `product_option` DISABLE KEYS */;
INSERT INTO `product_option` VALUES (13,1,'S','/images/product/1/color/2019051723124578315727.jpg',100),(14,1,'M','/images/product/1/color/2019051723124578315727.jpg',100),(15,1,'L','/images/product/1/color/2019051723124578315727.jpg',100),(16,1,'XL','/images/product/1/color/2019051723124578315727.jpg',100),(17,1,'S','/images/product/1/color/20190517231245216011450.jpg',100),(18,1,'M','/images/product/1/color/20190517231245216011450.jpg',100),(19,1,'L','/images/product/1/color/20190517231245216011450.jpg',100),(20,1,'XL','/images/product/1/color/20190517231245216011450.jpg',100),(21,1,'S','/images/product/1/color/201905172312451487894672.jpg',100),(22,1,'M','/images/product/1/color/201905172312451487894672.jpg',100),(23,1,'L','/images/product/1/color/201905172312451487894672.jpg',100),(24,1,'XL','/images/product/1/color/201905172312451487894672.jpg',100),(25,2,'S','/images/product/2/color/201905172317391698287932.jpg',100),(26,2,'M','/images/product/2/color/201905172317391698287932.jpg',100),(27,2,'L','/images/product/2/color/201905172317391698287932.jpg',100),(28,2,'XL','/images/product/2/color/201905172317391698287932.jpg',100),(29,2,'S','/images/product/2/color/201905172317392217613.jpg',100),(30,2,'M','/images/product/2/color/201905172317392217613.jpg',100),(31,2,'L','/images/product/2/color/201905172317392217613.jpg',100),(32,2,'XL','/images/product/2/color/201905172317392217613.jpg',100),(33,2,'S','/images/product/2/color/201905172317391211445281.jpg',100),(34,2,'M','/images/product/2/color/201905172317391211445281.jpg',100),(35,2,'L','/images/product/2/color/201905172317391211445281.jpg',100),(36,2,'XL','/images/product/2/color/201905172317391211445281.jpg',100),(37,3,'S','/images/product/3/color/20190517232100486541378.jpg',100),(38,3,'M','/images/product/3/color/20190517232100486541378.jpg',100),(39,3,'L','/images/product/3/color/20190517232100486541378.jpg',100),(40,3,'XL','/images/product/3/color/20190517232100486541378.jpg',100),(41,3,'S','/images/product/3/color/20190517232100581064817.jpg',100),(42,3,'M','/images/product/3/color/20190517232100581064817.jpg',100),(43,3,'L','/images/product/3/color/20190517232100581064817.jpg',100),(44,3,'XL','/images/product/3/color/20190517232100581064817.jpg',100),(45,3,'S','/images/product/3/color/20190517232100490826036.jpg',100),(46,3,'M','/images/product/3/color/20190517232100490826036.jpg',100),(47,3,'L','/images/product/3/color/20190517232100490826036.jpg',100),(48,3,'XL','/images/product/3/color/20190517232100490826036.jpg',100),(49,4,'S','/images/product/4/color/20190517232553213983622.jpg',100),(50,4,'M','/images/product/4/color/20190517232553213983622.jpg',100),(51,4,'L','/images/product/4/color/20190517232553213983622.jpg',100),(52,4,'XL','/images/product/4/color/20190517232553213983622.jpg',100),(53,4,'S','/images/product/4/color/201905172325531330411270.jpg',100),(54,4,'M','/images/product/4/color/201905172325531330411270.jpg',100),(55,4,'L','/images/product/4/color/201905172325531330411270.jpg',100),(56,4,'XL','/images/product/4/color/201905172325531330411270.jpg',100),(57,4,'S','/images/product/4/color/201905172325531580157383.jpg',100),(58,4,'M','/images/product/4/color/201905172325531580157383.jpg',100),(59,4,'L','/images/product/4/color/201905172325531580157383.jpg',100),(60,4,'XL','/images/product/4/color/201905172325531580157383.jpg',100),(61,5,'S','/images/product/5/color/201905172328211728254035.jpg',100),(62,5,'M','/images/product/5/color/201905172328211728254035.jpg',100),(63,5,'L','/images/product/5/color/201905172328211728254035.jpg',100),(64,5,'XL','/images/product/5/color/201905172328211728254035.jpg',100),(65,5,'S','/images/product/5/color/201905172328211693620112.jpg',100),(66,5,'M','/images/product/5/color/201905172328211693620112.jpg',100),(67,5,'L','/images/product/5/color/201905172328211693620112.jpg',100),(68,5,'XL','/images/product/5/color/201905172328211693620112.jpg',100),(69,6,'S','/images/product/6/color/20190517233234549567373.jpg',100),(70,6,'M','/images/product/6/color/20190517233234549567373.jpg',100),(71,6,'L','/images/product/6/color/20190517233234549567373.jpg',100),(72,6,'XL','/images/product/6/color/20190517233234549567373.jpg',100),(73,7,'S','/images/product/7/color/201905172344241872709222.jpg',100),(74,7,'M','/images/product/7/color/201905172344241872709222.jpg',100),(75,7,'L','/images/product/7/color/201905172344241872709222.jpg',100),(76,7,'XL','/images/product/7/color/201905172344241872709222.jpg',100),(77,7,'S','/images/product/7/color/20190517234424908221383.jpg',100),(78,7,'M','/images/product/7/color/20190517234424908221383.jpg',100),(79,7,'L','/images/product/7/color/20190517234424908221383.jpg',100),(80,7,'XL','/images/product/7/color/20190517234424908221383.jpg',100),(81,8,'S','/images/product/8/color/201905172347511282788123.jpg',100),(82,8,'M','/images/product/8/color/201905172347511282788123.jpg',100),(83,8,'L','/images/product/8/color/201905172347511282788123.jpg',100),(84,8,'XL','/images/product/8/color/201905172347511282788123.jpg',100),(85,8,'S','/images/product/8/color/201905172347511772050941.jpg',100),(86,8,'M','/images/product/8/color/201905172347511772050941.jpg',100),(87,8,'L','/images/product/8/color/201905172347511772050941.jpg',100),(88,8,'XL','/images/product/8/color/201905172347511772050941.jpg',100),(89,8,'S','/images/product/8/color/20190517234751736565986.jpg',100),(90,8,'M','/images/product/8/color/20190517234751736565986.jpg',100),(91,8,'L','/images/product/8/color/20190517234751736565986.jpg',100),(92,8,'XL','/images/product/8/color/20190517234751736565986.jpg',100),(93,8,'S','/images/product/8/color/201905172347521190082474.jpg',100),(94,8,'M','/images/product/8/color/201905172347521190082474.jpg',100),(95,8,'L','/images/product/8/color/201905172347521190082474.jpg',100),(96,8,'XL','/images/product/8/color/201905172347521190082474.jpg',100),(97,9,'S','/images/product/9/color/20190517235126473601323.jpg',100),(98,9,'M','/images/product/9/color/20190517235126473601323.jpg',100),(99,9,'L','/images/product/9/color/20190517235126473601323.jpg',100),(100,9,'XL','/images/product/9/color/20190517235126473601323.jpg',100),(101,9,'S','/images/product/9/color/20190517235126514993750.jpg',100),(102,9,'M','/images/product/9/color/20190517235126514993750.jpg',100),(103,9,'L','/images/product/9/color/20190517235126514993750.jpg',100),(104,9,'XL','/images/product/9/color/20190517235126514993750.jpg',100),(105,10,'S','/images/product/10/color/201905172353491768632349.jpg',100),(106,10,'M','/images/product/10/color/201905172353491768632349.jpg',100),(107,10,'L','/images/product/10/color/201905172353491768632349.jpg',100),(108,10,'XL','/images/product/10/color/201905172353491768632349.jpg',100),(109,10,'S','/images/product/10/color/201905172353491766408733.jpg',100),(110,10,'M','/images/product/10/color/201905172353491766408733.jpg',100),(111,10,'L','/images/product/10/color/201905172353491766408733.jpg',100),(112,10,'XL','/images/product/10/color/201905172353491766408733.jpg',100),(113,10,'S','/images/product/10/color/201905172353491370830454.jpg',100),(114,10,'M','/images/product/10/color/201905172353491370830454.jpg',100),(115,10,'L','/images/product/10/color/201905172353491370830454.jpg',100),(116,10,'XL','/images/product/10/color/201905172353491370830454.jpg',100),(117,10,'S','/images/product/10/color/201905172353492101698099.jpg',100),(118,10,'M','/images/product/10/color/201905172353492101698099.jpg',100),(119,10,'L','/images/product/10/color/201905172353492101698099.jpg',100),(120,10,'XL','/images/product/10/color/201905172353492101698099.jpg',100),(121,11,'S','/images/product/11/color/20190517235516432196151.jpg',100),(122,11,'M','/images/product/11/color/20190517235516432196151.jpg',100),(123,11,'L','/images/product/11/color/20190517235516432196151.jpg',100),(124,11,'XL','/images/product/11/color/20190517235516432196151.jpg',100),(125,11,'S','/images/product/11/color/201905172355161279478771.jpg',100),(126,11,'M','/images/product/11/color/201905172355161279478771.jpg',100),(127,11,'L','/images/product/11/color/201905172355161279478771.jpg',100),(128,11,'XL','/images/product/11/color/201905172355161279478771.jpg',100),(129,11,'S','/images/product/11/color/201905172355171043779617.jpg',100),(130,11,'M','/images/product/11/color/201905172355171043779617.jpg',100),(131,11,'L','/images/product/11/color/201905172355171043779617.jpg',100),(132,11,'XL','/images/product/11/color/201905172355171043779617.jpg',100),(133,12,'S','/images/product/12/color/201905172356421597844534.jpg',100),(134,12,'M','/images/product/12/color/201905172356421597844534.jpg',100),(135,12,'L','/images/product/12/color/201905172356421597844534.jpg',100),(136,12,'XL','/images/product/12/color/201905172356421597844534.jpg',100),(137,12,'S','/images/product/12/color/20190517235643460278424.jpg',100),(138,12,'M','/images/product/12/color/20190517235643460278424.jpg',100),(139,12,'L','/images/product/12/color/20190517235643460278424.jpg',100),(140,12,'XL','/images/product/12/color/20190517235643460278424.jpg',100),(141,13,'S','/images/product/13/color/201905180001031579258375.jpg',100),(142,13,'M','/images/product/13/color/201905180001031579258375.jpg',100),(143,13,'L','/images/product/13/color/201905180001031579258375.jpg',100),(144,13,'XL','/images/product/13/color/201905180001031579258375.jpg',100),(145,14,'S','/images/product/14/color/201905180002511316427532.jpg',100),(146,14,'M','/images/product/14/color/201905180002511316427532.jpg',100),(147,14,'L','/images/product/14/color/201905180002511316427532.jpg',100),(148,14,'XL','/images/product/14/color/201905180002511316427532.jpg',100),(149,14,'S','/images/product/14/color/201905180002513102493.jpg',100),(150,14,'M','/images/product/14/color/201905180002513102493.jpg',100),(151,14,'L','/images/product/14/color/201905180002513102493.jpg',100),(152,14,'XL','/images/product/14/color/201905180002513102493.jpg',100),(153,14,'S','/images/product/14/color/201905180002511867459522.jpg',100),(154,14,'M','/images/product/14/color/201905180002511867459522.jpg',100),(155,14,'L','/images/product/14/color/201905180002511867459522.jpg',100),(156,14,'XL','/images/product/14/color/201905180002511867459522.jpg',100),(157,15,'S','/images/product/15/color/201905180008112043686313.jpg',100),(158,15,'M','/images/product/15/color/201905180008112043686313.jpg',100),(159,15,'L','/images/product/15/color/201905180008112043686313.jpg',100),(160,15,'XL','/images/product/15/color/201905180008112043686313.jpg',100),(161,15,'S','/images/product/15/color/20190518000811497270858.jpg',100),(162,15,'M','/images/product/15/color/20190518000811497270858.jpg',100),(163,15,'L','/images/product/15/color/20190518000811497270858.jpg',100),(164,15,'XL','/images/product/15/color/20190518000811497270858.jpg',100),(165,15,'S','/images/product/15/color/20190518000811198030979.jpg',100),(166,15,'M','/images/product/15/color/20190518000811198030979.jpg',100),(167,15,'L','/images/product/15/color/20190518000811198030979.jpg',100),(168,15,'XL','/images/product/15/color/20190518000811198030979.jpg',100),(169,16,'S','/images/product/16/color/20190518001022653544140.jpg',100),(170,16,'M','/images/product/16/color/20190518001022653544140.jpg',100),(171,16,'L','/images/product/16/color/20190518001022653544140.jpg',100),(172,16,'XL','/images/product/16/color/20190518001022653544140.jpg',100),(173,16,'S','/images/product/16/color/20190518001022125776920.jpg',100),(174,16,'M','/images/product/16/color/20190518001022125776920.jpg',100),(175,16,'L','/images/product/16/color/20190518001022125776920.jpg',100),(176,16,'XL','/images/product/16/color/20190518001022125776920.jpg',100),(177,16,'S','/images/product/16/color/20190518001022624139275.jpg',100),(178,16,'M','/images/product/16/color/20190518001022624139275.jpg',100),(179,16,'L','/images/product/16/color/20190518001022624139275.jpg',100),(180,16,'XL','/images/product/16/color/20190518001022624139275.jpg',100),(181,17,'S','/images/product/17/color/20190518001437204527253.jpg',100),(182,17,'M','/images/product/17/color/20190518001437204527253.jpg',100),(183,17,'L','/images/product/17/color/20190518001437204527253.jpg',100),(184,17,'XL','/images/product/17/color/20190518001437204527253.jpg',100),(185,18,'S','/images/product/18/color/201905180016242120695918.jpg',100),(186,18,'M','/images/product/18/color/201905180016242120695918.jpg',100),(187,18,'L','/images/product/18/color/201905180016242120695918.jpg',100),(188,18,'XL','/images/product/18/color/201905180016242120695918.jpg',100),(189,18,'S','/images/product/18/color/20190518001624493094042.jpg',100),(190,18,'M','/images/product/18/color/20190518001624493094042.jpg',100),(191,18,'L','/images/product/18/color/20190518001624493094042.jpg',100),(192,18,'XL','/images/product/18/color/20190518001624493094042.jpg',100),(193,18,'S','/images/product/18/color/20190518001624268769012.jpg',100),(194,18,'M','/images/product/18/color/20190518001624268769012.jpg',100),(195,18,'L','/images/product/18/color/20190518001624268769012.jpg',100),(196,18,'XL','/images/product/18/color/20190518001624268769012.jpg',100),(197,18,'S','/images/product/18/color/201905180016241727791893.jpg',100),(198,18,'M','/images/product/18/color/201905180016241727791893.jpg',100),(199,18,'L','/images/product/18/color/201905180016241727791893.jpg',100),(200,18,'XL','/images/product/18/color/201905180016241727791893.jpg',100),(201,19,'S','/images/product/19/color/201905180017461377211933.jpg',100),(202,19,'M','/images/product/19/color/201905180017461377211933.jpg',100),(203,19,'L','/images/product/19/color/201905180017461377211933.jpg',100),(204,19,'XL','/images/product/19/color/201905180017461377211933.jpg',100),(205,19,'S','/images/product/19/color/20190518001747128521262.jpg',100),(206,19,'M','/images/product/19/color/20190518001747128521262.jpg',100),(207,19,'L','/images/product/19/color/20190518001747128521262.jpg',100),(208,19,'XL','/images/product/19/color/20190518001747128521262.jpg',100),(209,19,'S','/images/product/19/color/201905180017471943003853.jpg',100),(210,19,'M','/images/product/19/color/201905180017471943003853.jpg',100),(211,19,'L','/images/product/19/color/201905180017471943003853.jpg',100),(212,19,'XL','/images/product/19/color/201905180017471943003853.jpg',100),(213,20,'S','/images/product/20/color/201905180026541608065927.jpg',100),(214,20,'M','/images/product/20/color/201905180026541608065927.jpg',100),(215,20,'L','/images/product/20/color/201905180026541608065927.jpg',100),(216,20,'XL','/images/product/20/color/201905180026541608065927.jpg',100),(217,20,'S','/images/product/20/color/20190518002654637110194.jpg',100),(218,20,'M','/images/product/20/color/20190518002654637110194.jpg',100),(219,20,'L','/images/product/20/color/20190518002654637110194.jpg',100),(220,20,'XL','/images/product/20/color/20190518002654637110194.jpg',100),(221,21,'S','/images/product/21/color/201905180028531608980854.jpg',100),(222,21,'M','/images/product/21/color/201905180028531608980854.jpg',100),(223,21,'L','/images/product/21/color/201905180028531608980854.jpg',100),(224,21,'XL','/images/product/21/color/201905180028531608980854.jpg',100),(225,21,'S','/images/product/21/color/201905180028531479592733.jpg',100),(226,21,'M','/images/product/21/color/201905180028531479592733.jpg',100),(227,21,'L','/images/product/21/color/201905180028531479592733.jpg',100),(228,21,'XL','/images/product/21/color/201905180028531479592733.jpg',100),(229,21,'S','/images/product/21/color/20190518002853445728466.jpg',100),(230,21,'M','/images/product/21/color/20190518002853445728466.jpg',100),(231,21,'L','/images/product/21/color/20190518002853445728466.jpg',100),(232,21,'XL','/images/product/21/color/20190518002853445728466.jpg',100),(233,21,'S','/images/product/21/color/201905180030411334974627.jpg',100),(234,21,'M','/images/product/21/color/201905180030411334974627.jpg',100),(235,21,'L','/images/product/21/color/201905180030411334974627.jpg',100),(236,21,'XL','/images/product/21/color/201905180030411334974627.jpg',100),(237,21,'S','/images/product/21/color/20190518003042391641544.jpg',100),(238,21,'M','/images/product/21/color/20190518003042391641544.jpg',100),(239,21,'L','/images/product/21/color/20190518003042391641544.jpg',100),(240,21,'XL','/images/product/21/color/20190518003042391641544.jpg',100),(241,22,'S','/images/product/22/color/201905180031301651879510.jpg',100),(242,22,'M','/images/product/22/color/201905180031301651879510.jpg',100),(243,22,'L','/images/product/22/color/201905180031301651879510.jpg',100),(244,22,'XL','/images/product/22/color/201905180031301651879510.jpg',100),(245,22,'S','/images/product/22/color/20190518003130405192654.jpg',100),(246,22,'M','/images/product/22/color/20190518003130405192654.jpg',100),(247,22,'L','/images/product/22/color/20190518003130405192654.jpg',100),(248,22,'XL','/images/product/22/color/20190518003130405192654.jpg',100),(249,23,'S','/images/product/23/color/201905180033091853759499.jpg',100),(250,23,'M','/images/product/23/color/201905180033091853759499.jpg',100),(251,23,'L','/images/product/23/color/201905180033091853759499.jpg',100),(252,23,'XL','/images/product/23/color/201905180033091853759499.jpg',100),(253,23,'S','/images/product/23/color/201905180033091285383608.jpg',100),(254,23,'M','/images/product/23/color/201905180033091285383608.jpg',100),(255,23,'L','/images/product/23/color/201905180033091285383608.jpg',100),(256,23,'XL','/images/product/23/color/201905180033091285383608.jpg',100),(257,23,'S','/images/product/23/color/201905180033091040812726.jpg',98),(258,23,'M','/images/product/23/color/201905180033091040812726.jpg',100),(259,23,'L','/images/product/23/color/201905180033091040812726.jpg',100),(260,23,'XL','/images/product/23/color/201905180033091040812726.jpg',100),(261,24,'S','/images/product/24/color/201905180034431389949242.jpg',100),(262,24,'M','/images/product/24/color/201905180034431389949242.jpg',100),(263,24,'L','/images/product/24/color/201905180034431389949242.jpg',100),(264,24,'XL','/images/product/24/color/201905180034431389949242.jpg',100),(265,25,'S','/images/product/25/color/20190518004251329834220.jpg',100),(266,25,'M','/images/product/25/color/20190518004251329834220.jpg',100),(267,25,'L','/images/product/25/color/20190518004251329834220.jpg',100),(268,25,'XL','/images/product/25/color/20190518004251329834220.jpg',100),(269,26,'S','/images/product/26/color/201905180044231485091994.jpg',100),(270,26,'M','/images/product/26/color/201905180044231485091994.jpg',100),(271,26,'L','/images/product/26/color/201905180044231485091994.jpg',100),(272,26,'XL','/images/product/26/color/201905180044231485091994.jpg',100),(273,27,'S','/images/product/27/color/201905180046151327567077.jpg',100),(274,27,'M','/images/product/27/color/201905180046151327567077.jpg',100),(275,27,'L','/images/product/27/color/201905180046151327567077.jpg',100),(276,27,'XL','/images/product/27/color/201905180046151327567077.jpg',100),(277,27,'S','/images/product/27/color/201905180046151617658977.jpg',100),(278,27,'M','/images/product/27/color/201905180046151617658977.jpg',100),(279,27,'L','/images/product/27/color/201905180046151617658977.jpg',100),(280,27,'XL','/images/product/27/color/201905180046151617658977.jpg',100),(281,27,'S','/images/product/27/color/201905180046151112354482.jpg',100),(282,27,'M','/images/product/27/color/201905180046151112354482.jpg',100),(283,27,'L','/images/product/27/color/201905180046151112354482.jpg',100),(284,27,'XL','/images/product/27/color/201905180046151112354482.jpg',100),(285,28,'S','/images/product/28/color/201905180047511374352626.jpg',100),(286,28,'M','/images/product/28/color/201905180047511374352626.jpg',100),(287,28,'L','/images/product/28/color/201905180047511374352626.jpg',100),(288,28,'XL','/images/product/28/color/201905180047511374352626.jpg',100),(289,28,'S','/images/product/28/color/201905180047512060464290.jpg',100),(290,28,'M','/images/product/28/color/201905180047512060464290.jpg',100),(291,28,'L','/images/product/28/color/201905180047512060464290.jpg',100),(292,28,'XL','/images/product/28/color/201905180047512060464290.jpg',100),(293,29,'S','/images/product/29/color/20190518004908121723213.jpg',100),(294,29,'M','/images/product/29/color/20190518004908121723213.jpg',100),(295,29,'L','/images/product/29/color/20190518004908121723213.jpg',100),(296,29,'XL','/images/product/29/color/20190518004908121723213.jpg',100),(297,29,'S','/images/product/29/color/20190518004908577203108.jpg',100),(298,29,'M','/images/product/29/color/20190518004908577203108.jpg',100),(299,29,'L','/images/product/29/color/20190518004908577203108.jpg',100),(300,29,'XL','/images/product/29/color/20190518004908577203108.jpg',100),(301,30,'S','/images/product/30/color/20190518005010216668297.jpg',100),(302,30,'M','/images/product/30/color/20190518005010216668297.jpg',100),(303,30,'L','/images/product/30/color/20190518005010216668297.jpg',100),(304,30,'XL','/images/product/30/color/20190518005010216668297.jpg',100),(305,31,'S','/images/product/31/color/201905180051581482026166.jpg',100),(306,31,'M','/images/product/31/color/201905180051581482026166.jpg',100),(307,31,'L','/images/product/31/color/201905180051581482026166.jpg',100),(308,31,'XL','/images/product/31/color/201905180051581482026166.jpg',100),(309,31,'S','/images/product/31/color/20190518005159457322112.jpg',100),(310,31,'M','/images/product/31/color/20190518005159457322112.jpg',100),(311,31,'L','/images/product/31/color/20190518005159457322112.jpg',100),(312,31,'XL','/images/product/31/color/20190518005159457322112.jpg',100),(313,32,'S','/images/product/32/color/201905180053372103491750.jpg',100),(314,32,'M','/images/product/32/color/201905180053372103491750.jpg',100),(315,32,'L','/images/product/32/color/201905180053372103491750.jpg',100),(316,32,'XL','/images/product/32/color/201905180053372103491750.jpg',100),(317,32,'S','/images/product/32/color/201905180053372143195772.jpg',100),(318,32,'M','/images/product/32/color/201905180053372143195772.jpg',100),(319,32,'L','/images/product/32/color/201905180053372143195772.jpg',100),(320,32,'XL','/images/product/32/color/201905180053372143195772.jpg',100),(321,33,'S','/images/product/33/color/20190518005504744593261.jpg',100),(322,33,'M','/images/product/33/color/20190518005504744593261.jpg',100),(323,33,'L','/images/product/33/color/20190518005504744593261.jpg',100),(324,33,'XL','/images/product/33/color/20190518005504744593261.jpg',100),(325,33,'S','/images/product/33/color/201905180055041240266655.jpg',100),(326,33,'M','/images/product/33/color/201905180055041240266655.jpg',100),(327,33,'L','/images/product/33/color/201905180055041240266655.jpg',100),(328,33,'XL','/images/product/33/color/201905180055041240266655.jpg',100),(329,34,'S','/images/product/34/color/20190518005741798983625.jpg',100),(330,34,'M','/images/product/34/color/20190518005741798983625.jpg',100),(331,34,'L','/images/product/34/color/20190518005741798983625.jpg',100),(332,34,'XL','/images/product/34/color/20190518005741798983625.jpg',100),(333,34,'S','/images/product/34/color/20190518005741892765236.jpg',100),(334,34,'M','/images/product/34/color/20190518005741892765236.jpg',100),(335,34,'L','/images/product/34/color/20190518005741892765236.jpg',100),(336,34,'XL','/images/product/34/color/20190518005741892765236.jpg',100),(337,35,'S','/images/product/35/color/20190518010032946898043.jpg',100),(338,35,'M','/images/product/35/color/20190518010032946898043.jpg',100),(339,35,'L','/images/product/35/color/20190518010032946898043.jpg',100),(340,35,'XL','/images/product/35/color/20190518010032946898043.jpg',100),(341,35,'S','/images/product/35/color/201905180100321441752172.jpg',100),(342,35,'M','/images/product/35/color/201905180100321441752172.jpg',100),(343,35,'L','/images/product/35/color/201905180100321441752172.jpg',100),(344,35,'XL','/images/product/35/color/201905180100321441752172.jpg',100),(345,36,'S','/images/product/36/color/20190518010746704667493.jpg',100),(346,36,'M','/images/product/36/color/20190518010746704667493.jpg',100),(347,36,'L','/images/product/36/color/20190518010746704667493.jpg',100),(348,36,'XL','/images/product/36/color/20190518010746704667493.jpg',100),(349,36,'S','/images/product/36/color/20190518010746807532866.jpg',100),(350,36,'M','/images/product/36/color/20190518010746807532866.jpg',100),(351,36,'L','/images/product/36/color/20190518010746807532866.jpg',100),(352,36,'XL','/images/product/36/color/20190518010746807532866.jpg',100),(353,37,'S','/images/product/37/color/20190518010844957182025.jpg',100),(354,37,'M','/images/product/37/color/20190518010844957182025.jpg',100),(355,37,'L','/images/product/37/color/20190518010844957182025.jpg',100),(356,37,'XL','/images/product/37/color/20190518010844957182025.jpg',100),(357,37,'S','/images/product/37/color/201905180108441621448398.jpg',100),(358,37,'M','/images/product/37/color/201905180108441621448398.jpg',100),(359,37,'L','/images/product/37/color/201905180108441621448398.jpg',100),(360,37,'XL','/images/product/37/color/201905180108441621448398.jpg',100),(361,38,'S','/images/product/38/color/201905180109432047230718.jpg',100),(362,38,'M','/images/product/38/color/201905180109432047230718.jpg',100),(363,38,'L','/images/product/38/color/201905180109432047230718.jpg',100),(364,38,'XL','/images/product/38/color/201905180109432047230718.jpg',100),(365,39,'S','/images/product/39/color/201905180111551365757331.jpg',100),(366,39,'M','/images/product/39/color/201905180111551365757331.jpg',100),(367,39,'L','/images/product/39/color/201905180111551365757331.jpg',100),(368,39,'XL','/images/product/39/color/201905180111551365757331.jpg',100),(369,39,'S','/images/product/39/color/20190518011155551965821.jpg',100),(370,39,'M','/images/product/39/color/20190518011155551965821.jpg',100),(371,39,'L','/images/product/39/color/20190518011155551965821.jpg',100),(372,39,'XL','/images/product/39/color/20190518011155551965821.jpg',100),(373,39,'S','/images/product/39/color/201905180111552146867087.jpg',100),(374,39,'M','/images/product/39/color/201905180111552146867087.jpg',100),(375,39,'L','/images/product/39/color/201905180111552146867087.jpg',100),(376,39,'XL','/images/product/39/color/201905180111552146867087.jpg',100),(377,40,'S','/images/product/40/color/201905180113561917854751.jpg',100),(378,40,'M','/images/product/40/color/201905180113561917854751.jpg',100),(379,40,'L','/images/product/40/color/201905180113561917854751.jpg',100),(380,40,'XL','/images/product/40/color/201905180113561917854751.jpg',100),(381,40,'S','/images/product/40/color/201905180113561729696023.jpg',100),(382,40,'M','/images/product/40/color/201905180113561729696023.jpg',100),(383,40,'L','/images/product/40/color/201905180113561729696023.jpg',100),(384,40,'XL','/images/product/40/color/201905180113561729696023.jpg',100),(385,40,'S','/images/product/40/color/20190518011356480409945.jpg',100),(386,40,'M','/images/product/40/color/20190518011356480409945.jpg',100),(387,40,'L','/images/product/40/color/20190518011356480409945.jpg',100),(388,40,'XL','/images/product/40/color/20190518011356480409945.jpg',100),(389,41,'S','/images/product/41/color/201905180116071317404140.jpg',100),(390,41,'M','/images/product/41/color/201905180116071317404140.jpg',100),(391,41,'L','/images/product/41/color/201905180116071317404140.jpg',100),(392,41,'XL','/images/product/41/color/201905180116071317404140.jpg',100),(393,41,'S','/images/product/41/color/201905180116071004494417.jpg',100),(394,41,'M','/images/product/41/color/201905180116071004494417.jpg',100),(395,41,'L','/images/product/41/color/201905180116071004494417.jpg',100),(396,41,'XL','/images/product/41/color/201905180116071004494417.jpg',100),(397,41,'S','/images/product/41/color/20190518011607362320178.jpg',100),(398,41,'M','/images/product/41/color/20190518011607362320178.jpg',100),(399,41,'L','/images/product/41/color/20190518011607362320178.jpg',100),(400,41,'XL','/images/product/41/color/20190518011607362320178.jpg',100),(401,41,'S','/images/product/41/color/201905180116071502315886.jpg',100),(402,41,'M','/images/product/41/color/201905180116071502315886.jpg',100),(403,41,'L','/images/product/41/color/201905180116071502315886.jpg',100),(404,41,'XL','/images/product/41/color/201905180116071502315886.jpg',100),(405,41,'S','/images/product/41/color/20190518011607227153164.jpg',100),(406,41,'M','/images/product/41/color/20190518011607227153164.jpg',100),(407,41,'L','/images/product/41/color/20190518011607227153164.jpg',100),(408,41,'XL','/images/product/41/color/20190518011607227153164.jpg',100),(409,42,'S','/images/product/42/color/201905180120101603361409.jpg',100),(410,42,'M','/images/product/42/color/201905180120101603361409.jpg',100),(411,42,'L','/images/product/42/color/201905180120101603361409.jpg',100),(412,42,'XL','/images/product/42/color/201905180120101603361409.jpg',100),(413,42,'S','/images/product/42/color/20190518012010621547105.jpg',100),(414,42,'M','/images/product/42/color/20190518012010621547105.jpg',100),(415,42,'L','/images/product/42/color/20190518012010621547105.jpg',100),(416,42,'XL','/images/product/42/color/20190518012010621547105.jpg',100),(417,43,'S','/images/product/43/color/20190518012150862415550.jpg',100),(418,43,'M','/images/product/43/color/20190518012150862415550.jpg',100),(419,43,'L','/images/product/43/color/20190518012150862415550.jpg',100),(420,43,'XL','/images/product/43/color/20190518012150862415550.jpg',100),(421,43,'S','/images/product/43/color/201905180121501958467441.jpg',100),(422,43,'M','/images/product/43/color/201905180121501958467441.jpg',100),(423,43,'L','/images/product/43/color/201905180121501958467441.jpg',100),(424,43,'XL','/images/product/43/color/201905180121501958467441.jpg',100),(425,44,'S','/images/product/44/color/201905180138252011224877.jpg',100),(426,44,'M','/images/product/44/color/201905180138252011224877.jpg',100),(427,44,'L','/images/product/44/color/201905180138252011224877.jpg',100),(428,44,'XL','/images/product/44/color/201905180138252011224877.jpg',100),(429,44,'S','/images/product/44/color/2019051801382517822218.jpg',100),(430,44,'M','/images/product/44/color/2019051801382517822218.jpg',100),(431,44,'L','/images/product/44/color/2019051801382517822218.jpg',100),(432,44,'XL','/images/product/44/color/2019051801382517822218.jpg',100),(433,45,'S','/images/product/45/color/201905180140591435883367.jpg',100),(434,45,'M','/images/product/45/color/201905180140591435883367.jpg',100),(435,45,'L','/images/product/45/color/201905180140591435883367.jpg',100),(436,45,'XL','/images/product/45/color/201905180140591435883367.jpg',100),(437,45,'S','/images/product/45/color/201905180140592069619418.jpg',100),(438,45,'M','/images/product/45/color/201905180140592069619418.jpg',100),(439,45,'L','/images/product/45/color/201905180140592069619418.jpg',100),(440,45,'XL','/images/product/45/color/201905180140592069619418.jpg',100),(441,45,'S','/images/product/45/color/201905180140591845315181.jpg',100),(442,45,'M','/images/product/45/color/201905180140591845315181.jpg',100),(443,45,'L','/images/product/45/color/201905180140591845315181.jpg',100),(444,45,'XL','/images/product/45/color/201905180140591845315181.jpg',100),(445,46,'S','/images/product/46/color/20190518015003720170797.jpg',100),(446,46,'M','/images/product/46/color/20190518015003720170797.jpg',100),(447,46,'L','/images/product/46/color/20190518015003720170797.jpg',100),(448,46,'XL','/images/product/46/color/20190518015003720170797.jpg',100),(449,46,'S','/images/product/46/color/20190518015003870752936.jpg',100),(450,46,'M','/images/product/46/color/20190518015003870752936.jpg',100),(451,46,'L','/images/product/46/color/20190518015003870752936.jpg',100),(452,46,'XL','/images/product/46/color/20190518015003870752936.jpg',100),(453,47,'S','/images/product/47/color/201905180152391088580119.jpg',100),(454,47,'M','/images/product/47/color/201905180152391088580119.jpg',100),(455,47,'L','/images/product/47/color/201905180152391088580119.jpg',100),(456,47,'XL','/images/product/47/color/201905180152391088580119.jpg',100),(457,47,'S','/images/product/47/color/201905180152401776935514.jpg',100),(458,47,'M','/images/product/47/color/201905180152401776935514.jpg',100),(459,47,'L','/images/product/47/color/201905180152401776935514.jpg',100),(460,47,'XL','/images/product/47/color/201905180152401776935514.jpg',100),(461,47,'S','/images/product/47/color/201905180152401563026444.jpg',100),(462,47,'M','/images/product/47/color/201905180152401563026444.jpg',100),(463,47,'L','/images/product/47/color/201905180152401563026444.jpg',100),(464,47,'XL','/images/product/47/color/201905180152401563026444.jpg',100),(465,48,'S','/images/product/48/color/20190518015410970725258.jpg',100),(466,48,'M','/images/product/48/color/20190518015410970725258.jpg',100),(467,48,'L','/images/product/48/color/20190518015410970725258.jpg',100),(468,48,'XL','/images/product/48/color/20190518015410970725258.jpg',100),(469,48,'S','/images/product/48/color/201905180154101746694419.jpg',100),(470,48,'M','/images/product/48/color/201905180154101746694419.jpg',100),(471,48,'L','/images/product/48/color/201905180154101746694419.jpg',100),(472,48,'XL','/images/product/48/color/201905180154101746694419.jpg',100),(473,49,'S','/images/product/49/color/20190518015552632319172.jpg',100),(474,49,'M','/images/product/49/color/20190518015552632319172.jpg',100),(475,49,'L','/images/product/49/color/20190518015552632319172.jpg',100),(476,49,'XL','/images/product/49/color/20190518015552632319172.jpg',100),(477,50,'S','/images/product/50/color/20190518020002442257326.jpg',100),(478,50,'M','/images/product/50/color/20190518020002442257326.jpg',98),(479,50,'L','/images/product/50/color/20190518020002442257326.jpg',100),(480,50,'XL','/images/product/50/color/20190518020002442257326.jpg',100),(481,50,'S','/images/product/50/color/201905180200021884327861.jpg',100),(482,50,'M','/images/product/50/color/201905180200021884327861.jpg',100),(483,50,'L','/images/product/50/color/201905180200021884327861.jpg',100),(484,50,'XL','/images/product/50/color/201905180200021884327861.jpg',100),(485,50,'S','/images/product/50/color/201905180200021645892862.jpg',100),(486,50,'M','/images/product/50/color/201905180200021645892862.jpg',100),(487,50,'L','/images/product/50/color/201905180200021645892862.jpg',100),(488,50,'XL','/images/product/50/color/201905180200021645892862.jpg',100),(489,51,'S','/images/product/51/color/20190518143232280433291.jpg',100),(490,51,'M','/images/product/51/color/20190518143232280433291.jpg',100),(491,51,'L','/images/product/51/color/20190518143232280433291.jpg',100),(492,51,'XL','/images/product/51/color/20190518143232280433291.jpg',100),(493,51,'S','/images/product/51/color/20190518143232457149832.jpg',100),(494,51,'M','/images/product/51/color/20190518143232457149832.jpg',99),(495,51,'L','/images/product/51/color/20190518143232457149832.jpg',100),(496,51,'XL','/images/product/51/color/20190518143232457149832.jpg',100),(497,51,'S','/images/product/51/color/2019051814323287521595.jpg',100),(498,51,'M','/images/product/51/color/2019051814323287521595.jpg',100),(499,51,'L','/images/product/51/color/2019051814323287521595.jpg',100),(500,51,'XL','/images/product/51/color/2019051814323287521595.jpg',100),(501,52,'S','/images/product/52/color/20190518143329678237717.jpg',100),(502,52,'M','/images/product/52/color/20190518143329678237717.jpg',100),(503,52,'L','/images/product/52/color/20190518143329678237717.jpg',100),(504,52,'XL','/images/product/52/color/20190518143329678237717.jpg',100),(505,52,'S','/images/product/52/color/2019051814332913334667.jpg',100),(506,52,'M','/images/product/52/color/2019051814332913334667.jpg',100),(507,52,'L','/images/product/52/color/2019051814332913334667.jpg',100),(508,52,'XL','/images/product/52/color/2019051814332913334667.jpg',100),(509,53,'S','/images/product/53/color/20190518143433909968634.jpg',100),(510,53,'M','/images/product/53/color/20190518143433909968634.jpg',100),(511,53,'L','/images/product/53/color/20190518143433909968634.jpg',100),(512,53,'XL','/images/product/53/color/20190518143433909968634.jpg',100),(513,54,'S','/images/product/54/color/20190518143600254585935.jpg',100),(514,54,'M','/images/product/54/color/20190518143600254585935.jpg',100),(515,54,'L','/images/product/54/color/20190518143600254585935.jpg',100),(516,54,'XL','/images/product/54/color/20190518143600254585935.jpg',100),(517,54,'S','/images/product/54/color/201905181436001975898094.jpg',100),(518,54,'M','/images/product/54/color/201905181436001975898094.jpg',100),(519,54,'L','/images/product/54/color/201905181436001975898094.jpg',100),(520,54,'XL','/images/product/54/color/201905181436001975898094.jpg',100),(521,55,'S','/images/product/55/color/201905181437541124153958.jpg',100),(522,55,'M','/images/product/55/color/201905181437541124153958.jpg',100),(523,55,'L','/images/product/55/color/201905181437541124153958.jpg',100),(524,55,'XL','/images/product/55/color/201905181437541124153958.jpg',100),(525,55,'S','/images/product/55/color/201905181437541655271016.jpg',100),(526,55,'M','/images/product/55/color/201905181437541655271016.jpg',100),(527,55,'L','/images/product/55/color/201905181437541655271016.jpg',100),(528,55,'XL','/images/product/55/color/201905181437541655271016.jpg',100),(529,56,'S','/images/product/56/color/20190518143936329789135.jpg',100),(530,56,'M','/images/product/56/color/20190518143936329789135.jpg',100),(531,56,'L','/images/product/56/color/20190518143936329789135.jpg',100),(532,56,'XL','/images/product/56/color/20190518143936329789135.jpg',100),(533,56,'S','/images/product/56/color/20190518143936153338616.jpg',100),(534,56,'M','/images/product/56/color/20190518143936153338616.jpg',100),(535,56,'L','/images/product/56/color/20190518143936153338616.jpg',100),(536,56,'XL','/images/product/56/color/20190518143936153338616.jpg',100),(537,57,'S','/images/product/57/color/2019051814415674496713.jpg',100),(538,57,'M','/images/product/57/color/2019051814415674496713.jpg',100),(539,57,'L','/images/product/57/color/2019051814415674496713.jpg',100),(540,57,'XL','/images/product/57/color/2019051814415674496713.jpg',100),(541,57,'S','/images/product/57/color/20190518144156879345112.jpg',100),(542,57,'M','/images/product/57/color/20190518144156879345112.jpg',100),(543,57,'L','/images/product/57/color/20190518144156879345112.jpg',100),(544,57,'XL','/images/product/57/color/20190518144156879345112.jpg',100),(545,58,'S','/images/product/58/color/201905181443271041682465.jpg',100),(546,58,'M','/images/product/58/color/201905181443271041682465.jpg',100),(547,58,'L','/images/product/58/color/201905181443271041682465.jpg',100),(548,58,'XL','/images/product/58/color/201905181443271041682465.jpg',100),(549,58,'S','/images/product/58/color/20190518144327404226520.jpg',100),(550,58,'M','/images/product/58/color/20190518144327404226520.jpg',100),(551,58,'L','/images/product/58/color/20190518144327404226520.jpg',100),(552,58,'XL','/images/product/58/color/20190518144327404226520.jpg',100),(553,59,'S','/images/product/59/color/20190518144443613451668.jpg',100),(554,59,'M','/images/product/59/color/20190518144443613451668.jpg',100),(555,59,'L','/images/product/59/color/20190518144443613451668.jpg',100),(556,59,'XL','/images/product/59/color/20190518144443613451668.jpg',100),(557,59,'S','/images/product/59/color/201905181444431533360278.jpg',100),(558,59,'M','/images/product/59/color/201905181444431533360278.jpg',100),(559,59,'L','/images/product/59/color/201905181444431533360278.jpg',100),(560,59,'XL','/images/product/59/color/201905181444431533360278.jpg',100),(561,60,'S','/images/product/60/color/201905181447281782603554.jpg',100),(562,60,'M','/images/product/60/color/201905181447281782603554.jpg',100),(563,60,'L','/images/product/60/color/201905181447281782603554.jpg',100),(564,60,'XL','/images/product/60/color/201905181447281782603554.jpg',100),(565,60,'S','/images/product/60/color/20190518144728792061188.jpg',100),(566,60,'M','/images/product/60/color/20190518144728792061188.jpg',100),(567,60,'L','/images/product/60/color/20190518144728792061188.jpg',100),(568,60,'XL','/images/product/60/color/20190518144728792061188.jpg',100),(569,60,'S','/images/product/60/color/201905181447281546598483.jpg',100),(570,60,'M','/images/product/60/color/201905181447281546598483.jpg',100),(571,60,'L','/images/product/60/color/201905181447281546598483.jpg',100),(572,60,'XL','/images/product/60/color/201905181447281546598483.jpg',100),(573,61,'S','/images/product/61/color/20190518150016757320253.jpg',100),(574,61,'M','/images/product/61/color/20190518150016757320253.jpg',100),(575,61,'L','/images/product/61/color/20190518150016757320253.jpg',100),(576,61,'XL','/images/product/61/color/20190518150016757320253.jpg',100),(577,62,'S','/images/product/62/color/201905181501201012675682.jpg',100),(578,62,'M','/images/product/62/color/201905181501201012675682.jpg',100),(579,62,'L','/images/product/62/color/201905181501201012675682.jpg',100),(580,62,'XL','/images/product/62/color/201905181501201012675682.jpg',100),(581,63,'S','/images/product/63/color/20190518150235972433606.jpg',100),(582,63,'M','/images/product/63/color/20190518150235972433606.jpg',100),(583,63,'L','/images/product/63/color/20190518150235972433606.jpg',100),(584,63,'XL','/images/product/63/color/20190518150235972433606.jpg',100),(585,63,'S','/images/product/63/color/201905181502351632444207.jpg',100),(586,63,'M','/images/product/63/color/201905181502351632444207.jpg',100),(587,63,'L','/images/product/63/color/201905181502351632444207.jpg',100),(588,63,'XL','/images/product/63/color/201905181502351632444207.jpg',100),(589,64,'S','/images/product/64/color/201905181516341833864086.jpg',100),(590,64,'M','/images/product/64/color/201905181516341833864086.jpg',100),(591,64,'L','/images/product/64/color/201905181516341833864086.jpg',100),(592,64,'XL','/images/product/64/color/201905181516341833864086.jpg',100),(593,64,'S','/images/product/64/color/201905181516341999918018.jpg',100),(594,64,'M','/images/product/64/color/201905181516341999918018.jpg',100),(595,64,'L','/images/product/64/color/201905181516341999918018.jpg',100),(596,64,'XL','/images/product/64/color/201905181516341999918018.jpg',100),(597,65,'S','/images/product/65/color/20190518152105110786765.jpg',100),(598,65,'M','/images/product/65/color/20190518152105110786765.jpg',100),(599,65,'L','/images/product/65/color/20190518152105110786765.jpg',100),(600,65,'XL','/images/product/65/color/20190518152105110786765.jpg',100),(601,65,'S','/images/product/65/color/201905181521051585103940.jpg',100),(602,65,'M','/images/product/65/color/201905181521051585103940.jpg',100),(603,65,'L','/images/product/65/color/201905181521051585103940.jpg',100),(604,65,'XL','/images/product/65/color/201905181521051585103940.jpg',100),(605,66,'S','/images/product/66/color/20190518152254292503854.jpg',100),(606,66,'M','/images/product/66/color/20190518152254292503854.jpg',100),(607,66,'L','/images/product/66/color/20190518152254292503854.jpg',100),(608,66,'XL','/images/product/66/color/20190518152254292503854.jpg',100),(609,66,'S','/images/product/66/color/201905181522541714243934.jpg',100),(610,66,'M','/images/product/66/color/201905181522541714243934.jpg',100),(611,66,'L','/images/product/66/color/201905181522541714243934.jpg',100),(612,66,'XL','/images/product/66/color/201905181522541714243934.jpg',100),(613,67,'S','/images/product/67/color/20190518152504822105329.jpg',100),(614,67,'M','/images/product/67/color/20190518152504822105329.jpg',100),(615,67,'L','/images/product/67/color/20190518152504822105329.jpg',100),(616,67,'XL','/images/product/67/color/20190518152504822105329.jpg',100),(617,68,'S','/images/product/68/color/201905181526121862125754.jpg',100),(618,68,'M','/images/product/68/color/201905181526121862125754.jpg',100),(619,68,'L','/images/product/68/color/201905181526121862125754.jpg',100),(620,68,'XL','/images/product/68/color/201905181526121862125754.jpg',100),(621,68,'S','/images/product/68/color/201905181526122082060921.jpg',100),(622,68,'M','/images/product/68/color/201905181526122082060921.jpg',100),(623,68,'L','/images/product/68/color/201905181526122082060921.jpg',100),(624,68,'XL','/images/product/68/color/201905181526122082060921.jpg',100),(625,69,'S','/images/product/69/color/20190518152810394998617.jpg',100),(626,69,'M','/images/product/69/color/20190518152810394998617.jpg',100),(627,69,'L','/images/product/69/color/20190518152810394998617.jpg',100),(628,69,'XL','/images/product/69/color/20190518152810394998617.jpg',100),(629,69,'S','/images/product/69/color/201905181528111908579346.jpg',100),(630,69,'M','/images/product/69/color/201905181528111908579346.jpg',100),(631,69,'L','/images/product/69/color/201905181528111908579346.jpg',100),(632,69,'XL','/images/product/69/color/201905181528111908579346.jpg',100),(633,70,'S','/images/product/70/color/201905181529181437460864.jpg',100),(634,70,'M','/images/product/70/color/201905181529181437460864.jpg',100),(635,70,'L','/images/product/70/color/201905181529181437460864.jpg',100),(636,70,'XL','/images/product/70/color/201905181529181437460864.jpg',100),(637,70,'S','/images/product/70/color/201905181529181154948974.jpg',100),(638,70,'M','/images/product/70/color/201905181529181154948974.jpg',100),(639,70,'L','/images/product/70/color/201905181529181154948974.jpg',100),(640,70,'XL','/images/product/70/color/201905181529181154948974.jpg',100),(641,70,'S','/images/product/70/color/201905181529181030829532.jpg',100),(642,70,'M','/images/product/70/color/201905181529181030829532.jpg',100),(643,70,'L','/images/product/70/color/201905181529181030829532.jpg',100),(644,70,'XL','/images/product/70/color/201905181529181030829532.jpg',100),(645,71,'S','/images/product/71/color/201905181530261130223956.jpg',100),(646,71,'M','/images/product/71/color/201905181530261130223956.jpg',100),(647,71,'L','/images/product/71/color/201905181530261130223956.jpg',100),(648,71,'XL','/images/product/71/color/201905181530261130223956.jpg',100),(649,71,'S','/images/product/71/color/20190518153026107129372.jpg',100),(650,71,'M','/images/product/71/color/20190518153026107129372.jpg',100),(651,71,'L','/images/product/71/color/20190518153026107129372.jpg',100),(652,71,'XL','/images/product/71/color/20190518153026107129372.jpg',100),(653,72,'S','/images/product/72/color/20190518153138520388093.jpg',100),(654,72,'M','/images/product/72/color/20190518153138520388093.jpg',100),(655,72,'L','/images/product/72/color/20190518153138520388093.jpg',100),(656,72,'XL','/images/product/72/color/20190518153138520388093.jpg',100),(657,72,'S','/images/product/72/color/20190518153139942791869.jpg',100),(658,72,'M','/images/product/72/color/20190518153139942791869.jpg',100),(659,72,'L','/images/product/72/color/20190518153139942791869.jpg',100),(660,72,'XL','/images/product/72/color/20190518153139942791869.jpg',100),(661,73,'S','/images/product/73/color/20190518153237455772177.jpg',100),(662,73,'M','/images/product/73/color/20190518153237455772177.jpg',100),(663,73,'L','/images/product/73/color/20190518153237455772177.jpg',100),(664,73,'XL','/images/product/73/color/20190518153237455772177.jpg',100),(665,73,'S','/images/product/73/color/201905181532371971777638.jpg',100),(666,73,'M','/images/product/73/color/201905181532371971777638.jpg',100),(667,73,'L','/images/product/73/color/201905181532371971777638.jpg',100),(668,73,'XL','/images/product/73/color/201905181532371971777638.jpg',100),(669,74,'S','/images/product/74/color/201905181534011681350064.jpg',100),(670,74,'M','/images/product/74/color/201905181534011681350064.jpg',100),(671,74,'L','/images/product/74/color/201905181534011681350064.jpg',100),(672,74,'XL','/images/product/74/color/201905181534011681350064.jpg',100),(673,74,'S','/images/product/74/color/201905181534011308421047.jpg',100),(674,74,'M','/images/product/74/color/201905181534011308421047.jpg',99),(675,74,'L','/images/product/74/color/201905181534011308421047.jpg',100),(676,74,'XL','/images/product/74/color/201905181534011308421047.jpg',100),(677,74,'S','/images/product/74/color/201905181534011199611208.jpg',100),(678,74,'M','/images/product/74/color/201905181534011199611208.jpg',100),(679,74,'L','/images/product/74/color/201905181534011199611208.jpg',100),(680,74,'XL','/images/product/74/color/201905181534011199611208.jpg',100),(681,75,'S','/images/product/75/color/201905181534561227007729.jpg',100),(682,75,'M','/images/product/75/color/201905181534561227007729.jpg',100),(683,75,'L','/images/product/75/color/201905181534561227007729.jpg',100),(684,75,'XL','/images/product/75/color/201905181534561227007729.jpg',100),(685,75,'S','/images/product/75/color/20190518153456435298179.jpg',100),(686,75,'M','/images/product/75/color/20190518153456435298179.jpg',100),(687,75,'L','/images/product/75/color/20190518153456435298179.jpg',98),(688,75,'XL','/images/product/75/color/20190518153456435298179.jpg',100),(689,75,'S','/images/product/75/color/20190518153456732813181.jpg',100),(690,75,'M','/images/product/75/color/20190518153456732813181.jpg',100),(691,75,'L','/images/product/75/color/20190518153456732813181.jpg',100),(692,75,'XL','/images/product/75/color/20190518153456732813181.jpg',100),(693,75,'S','/images/product/75/color/20190518153456195002023.jpg',100),(694,75,'M','/images/product/75/color/20190518153456195002023.jpg',100),(695,75,'L','/images/product/75/color/20190518153456195002023.jpg',100),(696,75,'XL','/images/product/75/color/20190518153456195002023.jpg',100),(697,76,'S','/images/product/76/color/20190518153604497956165.jpg',100),(698,76,'M','/images/product/76/color/20190518153604497956165.jpg',100),(699,76,'L','/images/product/76/color/20190518153604497956165.jpg',100),(700,76,'XL','/images/product/76/color/20190518153604497956165.jpg',100),(701,77,'S','/images/product/77/color/201905181537211445463534.jpg',100),(702,77,'M','/images/product/77/color/201905181537211445463534.jpg',100),(703,77,'L','/images/product/77/color/201905181537211445463534.jpg',100),(704,77,'XL','/images/product/77/color/201905181537211445463534.jpg',100),(705,77,'S','/images/product/77/color/201905181537211413217469.jpg',100),(706,77,'M','/images/product/77/color/201905181537211413217469.jpg',100),(707,77,'L','/images/product/77/color/201905181537211413217469.jpg',100),(708,77,'XL','/images/product/77/color/201905181537211413217469.jpg',100),(709,78,'S','/images/product/78/color/201905181551221669585183.jpg',100),(710,78,'M','/images/product/78/color/201905181551221669585183.jpg',100),(711,78,'L','/images/product/78/color/201905181551221669585183.jpg',100),(712,78,'XL','/images/product/78/color/201905181551221669585183.jpg',100),(713,78,'S','/images/product/78/color/20190518155122887592510.jpg',100),(714,78,'M','/images/product/78/color/20190518155122887592510.jpg',100),(715,78,'L','/images/product/78/color/20190518155122887592510.jpg',100),(716,78,'XL','/images/product/78/color/20190518155122887592510.jpg',100),(717,79,'S','/images/product/79/color/20190518155219332239784.jpg',100),(718,79,'M','/images/product/79/color/20190518155219332239784.jpg',100),(719,79,'L','/images/product/79/color/20190518155219332239784.jpg',100),(720,79,'XL','/images/product/79/color/20190518155219332239784.jpg',100),(721,79,'S','/images/product/79/color/20190518155219639443471.jpg',100),(722,79,'M','/images/product/79/color/20190518155219639443471.jpg',100),(723,79,'L','/images/product/79/color/20190518155219639443471.jpg',100),(724,79,'XL','/images/product/79/color/20190518155219639443471.jpg',100),(725,80,'S','/images/product/80/color/201905181553371989749483.jpg',100),(726,80,'M','/images/product/80/color/201905181553371989749483.jpg',100),(727,80,'L','/images/product/80/color/201905181553371989749483.jpg',100),(728,80,'XL','/images/product/80/color/201905181553371989749483.jpg',100),(729,80,'S','/images/product/80/color/20190518155338949262154.jpg',100),(730,80,'M','/images/product/80/color/20190518155338949262154.jpg',100),(731,80,'L','/images/product/80/color/20190518155338949262154.jpg',100),(732,80,'XL','/images/product/80/color/20190518155338949262154.jpg',100),(733,81,'S','/images/product/81/color/201905181554391419094871.jpg',100),(734,81,'M','/images/product/81/color/201905181554391419094871.jpg',100),(735,81,'L','/images/product/81/color/201905181554391419094871.jpg',100),(736,81,'XL','/images/product/81/color/201905181554391419094871.jpg',100),(737,82,'S','/images/product/82/color/201905181555511672367136.jpg',100),(738,82,'M','/images/product/82/color/201905181555511672367136.jpg',100),(739,82,'L','/images/product/82/color/201905181555511672367136.jpg',100),(740,82,'XL','/images/product/82/color/201905181555511672367136.jpg',100),(741,82,'S','/images/product/82/color/201905181555511179187792.jpg',100),(742,82,'M','/images/product/82/color/201905181555511179187792.jpg',100),(743,82,'L','/images/product/82/color/201905181555511179187792.jpg',100),(744,82,'XL','/images/product/82/color/201905181555511179187792.jpg',100),(745,83,'S','/images/product/83/color/201905181557102054521676.jpg',100),(746,83,'M','/images/product/83/color/201905181557102054521676.jpg',100),(747,83,'L','/images/product/83/color/201905181557102054521676.jpg',100),(748,83,'XL','/images/product/83/color/201905181557102054521676.jpg',100),(749,83,'S','/images/product/83/color/201905181557101407265334.jpg',100),(750,83,'M','/images/product/83/color/201905181557101407265334.jpg',100),(751,83,'L','/images/product/83/color/201905181557101407265334.jpg',100),(752,83,'XL','/images/product/83/color/201905181557101407265334.jpg',100),(753,84,'S','/images/product/84/color/201905181558521976116540.jpg',100),(754,84,'M','/images/product/84/color/201905181558521976116540.jpg',100),(755,84,'L','/images/product/84/color/201905181558521976116540.jpg',100),(756,84,'XL','/images/product/84/color/201905181558521976116540.jpg',100),(757,84,'S','/images/product/84/color/201905181558521128352382.jpg',100),(758,84,'M','/images/product/84/color/201905181558521128352382.jpg',100),(759,84,'L','/images/product/84/color/201905181558521128352382.jpg',100),(760,84,'XL','/images/product/84/color/201905181558521128352382.jpg',100),(761,85,'S','/images/product/85/color/201905181600121044902413.jpg',100),(762,85,'M','/images/product/85/color/201905181600121044902413.jpg',100),(763,85,'L','/images/product/85/color/201905181600121044902413.jpg',100),(764,85,'XL','/images/product/85/color/201905181600121044902413.jpg',100),(765,85,'S','/images/product/85/color/20190518160012294235420.jpg',100),(766,85,'M','/images/product/85/color/20190518160012294235420.jpg',100),(767,85,'L','/images/product/85/color/20190518160012294235420.jpg',100),(768,85,'XL','/images/product/85/color/20190518160012294235420.jpg',100),(769,86,'S','/images/product/86/color/20190518160124666278537.jpg',100),(770,86,'M','/images/product/86/color/20190518160124666278537.jpg',100),(771,86,'L','/images/product/86/color/20190518160124666278537.jpg',100),(772,86,'XL','/images/product/86/color/20190518160124666278537.jpg',100),(773,86,'S','/images/product/86/color/20190518160124538122812.jpg',100),(774,86,'M','/images/product/86/color/20190518160124538122812.jpg',100),(775,86,'L','/images/product/86/color/20190518160124538122812.jpg',100),(776,86,'XL','/images/product/86/color/20190518160124538122812.jpg',100),(777,86,'S','/images/product/86/color/20190518160124704378819.jpg',100),(778,86,'M','/images/product/86/color/20190518160124704378819.jpg',100),(779,86,'L','/images/product/86/color/20190518160124704378819.jpg',100),(780,86,'XL','/images/product/86/color/20190518160124704378819.jpg',100),(781,87,'S','/images/product/87/color/20190518160215710748266.jpg',100),(782,87,'M','/images/product/87/color/20190518160215710748266.jpg',100),(783,87,'L','/images/product/87/color/20190518160215710748266.jpg',100),(784,87,'XL','/images/product/87/color/20190518160215710748266.jpg',100),(785,88,'S','/images/product/88/color/20190518160356781010848.jpg',100),(786,88,'M','/images/product/88/color/20190518160356781010848.jpg',100),(787,88,'L','/images/product/88/color/20190518160356781010848.jpg',100),(788,88,'XL','/images/product/88/color/20190518160356781010848.jpg',100),(789,88,'S','/images/product/88/color/20190518160356498128430.jpg',100),(790,88,'M','/images/product/88/color/20190518160356498128430.jpg',100),(791,88,'L','/images/product/88/color/20190518160356498128430.jpg',100),(792,88,'XL','/images/product/88/color/20190518160356498128430.jpg',100),(793,89,'S','/images/product/89/color/20190518160456362880588.jpg',100),(794,89,'M','/images/product/89/color/20190518160456362880588.jpg',100),(795,89,'L','/images/product/89/color/20190518160456362880588.jpg',100),(796,89,'XL','/images/product/89/color/20190518160456362880588.jpg',100),(797,90,'S','/images/product/90/color/20190518160614650218705.jpg',100),(798,90,'M','/images/product/90/color/20190518160614650218705.jpg',100),(799,90,'L','/images/product/90/color/20190518160614650218705.jpg',100),(800,90,'XL','/images/product/90/color/20190518160614650218705.jpg',100),(801,90,'S','/images/product/90/color/20190518160614848507909.jpg',100),(802,90,'M','/images/product/90/color/20190518160614848507909.jpg',100),(803,90,'L','/images/product/90/color/20190518160614848507909.jpg',100),(804,90,'XL','/images/product/90/color/20190518160614848507909.jpg',100),(805,91,'S','/images/product/91/color/2019051816073190981333.jpg',100),(806,91,'M','/images/product/91/color/2019051816073190981333.jpg',100),(807,91,'L','/images/product/91/color/2019051816073190981333.jpg',100),(808,91,'XL','/images/product/91/color/2019051816073190981333.jpg',100),(809,91,'S','/images/product/91/color/201905181607311445489258.jpg',100),(810,91,'M','/images/product/91/color/201905181607311445489258.jpg',100),(811,91,'L','/images/product/91/color/201905181607311445489258.jpg',100),(812,91,'XL','/images/product/91/color/201905181607311445489258.jpg',100),(813,92,'S','/images/product/92/color/201905181609042062648760.jpg',100),(814,92,'M','/images/product/92/color/201905181609042062648760.jpg',100),(815,92,'L','/images/product/92/color/201905181609042062648760.jpg',100),(816,92,'XL','/images/product/92/color/201905181609042062648760.jpg',100),(817,92,'S','/images/product/92/color/20190518160904359105807.jpg',100),(818,92,'M','/images/product/92/color/20190518160904359105807.jpg',100),(819,92,'L','/images/product/92/color/20190518160904359105807.jpg',100),(820,92,'XL','/images/product/92/color/20190518160904359105807.jpg',100),(821,94,'S','/images/product/94/color/201905181610131366770467.jpg',100),(822,94,'M','/images/product/94/color/201905181610131366770467.jpg',100),(823,94,'L','/images/product/94/color/201905181610131366770467.jpg',100),(824,94,'XL','/images/product/94/color/201905181610131366770467.jpg',100),(825,94,'S','/images/product/94/color/201905181610131625719373.jpg',100),(826,94,'M','/images/product/94/color/201905181610131625719373.jpg',100),(827,94,'L','/images/product/94/color/201905181610131625719373.jpg',100),(828,94,'XL','/images/product/94/color/201905181610131625719373.jpg',100),(829,95,'S','/images/product/95/color/201905181611201335272364.jpg',100),(830,95,'M','/images/product/95/color/201905181611201335272364.jpg',100),(831,95,'L','/images/product/95/color/201905181611201335272364.jpg',100),(832,95,'XL','/images/product/95/color/201905181611201335272364.jpg',100),(833,95,'S','/images/product/95/color/201905181611201323765053.jpg',100),(834,95,'M','/images/product/95/color/201905181611201323765053.jpg',100),(835,95,'L','/images/product/95/color/201905181611201323765053.jpg',100),(836,95,'XL','/images/product/95/color/201905181611201323765053.jpg',100),(837,95,'S','/images/product/95/color/2019051816112048391049.jpg',100),(838,95,'M','/images/product/95/color/2019051816112048391049.jpg',100),(839,95,'L','/images/product/95/color/2019051816112048391049.jpg',100),(840,95,'XL','/images/product/95/color/2019051816112048391049.jpg',100),(841,96,'S','/images/product/96/color/20190518161249650893768.jpg',100),(842,96,'M','/images/product/96/color/20190518161249650893768.jpg',100),(843,96,'L','/images/product/96/color/20190518161249650893768.jpg',100),(844,96,'XL','/images/product/96/color/20190518161249650893768.jpg',100),(845,96,'S','/images/product/96/color/20190518161249166254551.jpg',100),(846,96,'M','/images/product/96/color/20190518161249166254551.jpg',100),(847,96,'L','/images/product/96/color/20190518161249166254551.jpg',100),(848,96,'XL','/images/product/96/color/20190518161249166254551.jpg',100),(849,96,'S','/images/product/96/color/20190518161249389728580.jpg',100),(850,96,'M','/images/product/96/color/20190518161249389728580.jpg',100),(851,96,'L','/images/product/96/color/20190518161249389728580.jpg',100),(852,96,'XL','/images/product/96/color/20190518161249389728580.jpg',100),(853,97,'S','/images/product/97/color/201905181613431852432821.jpg',100),(854,97,'M','/images/product/97/color/201905181613431852432821.jpg',100),(855,97,'L','/images/product/97/color/201905181613431852432821.jpg',100),(856,97,'XL','/images/product/97/color/201905181613431852432821.jpg',100),(857,97,'S','/images/product/97/color/20190518161343904270442.jpg',100),(858,97,'M','/images/product/97/color/20190518161343904270442.jpg',100),(859,97,'L','/images/product/97/color/20190518161343904270442.jpg',100),(860,97,'XL','/images/product/97/color/20190518161343904270442.jpg',100),(861,98,'S','/images/product/98/color/20190518161456670113531.jpg',100),(862,98,'M','/images/product/98/color/20190518161456670113531.jpg',100),(863,98,'L','/images/product/98/color/20190518161456670113531.jpg',100),(864,98,'XL','/images/product/98/color/20190518161456670113531.jpg',100),(865,98,'S','/images/product/98/color/20190518161456102350485.jpg',100),(866,98,'M','/images/product/98/color/20190518161456102350485.jpg',100),(867,98,'L','/images/product/98/color/20190518161456102350485.jpg',100),(868,98,'XL','/images/product/98/color/20190518161456102350485.jpg',100),(869,99,'S','/images/product/99/color/20190518161552647072718.jpg',100),(870,99,'M','/images/product/99/color/20190518161552647072718.jpg',100),(871,99,'L','/images/product/99/color/20190518161552647072718.jpg',100),(872,99,'XL','/images/product/99/color/20190518161552647072718.jpg',100),(873,99,'S','/images/product/99/color/20190518161552147632571.jpg',100),(874,99,'M','/images/product/99/color/20190518161552147632571.jpg',100),(875,99,'L','/images/product/99/color/20190518161552147632571.jpg',100),(876,99,'XL','/images/product/99/color/20190518161552147632571.jpg',100),(877,100,'S','/images/product/100/color/20190518161640846097040.jpg',100),(878,100,'M','/images/product/100/color/20190518161640846097040.jpg',100),(879,100,'L','/images/product/100/color/20190518161640846097040.jpg',100),(880,100,'XL','/images/product/100/color/20190518161640846097040.jpg',100),(881,101,'S','/images/product/101/color/20190518161748388676573.jpg',100),(882,101,'M','/images/product/101/color/20190518161748388676573.jpg',100),(883,101,'L','/images/product/101/color/20190518161748388676573.jpg',100),(884,101,'XL','/images/product/101/color/20190518161748388676573.jpg',100),(885,101,'S','/images/product/101/color/201905181617481058984285.jpg',100),(886,101,'M','/images/product/101/color/201905181617481058984285.jpg',100),(887,101,'L','/images/product/101/color/201905181617481058984285.jpg',100),(888,101,'XL','/images/product/101/color/201905181617481058984285.jpg',100),(889,101,'S','/images/product/101/color/201905181617481307253631.jpg',100),(890,101,'M','/images/product/101/color/201905181617481307253631.jpg',100),(891,101,'L','/images/product/101/color/201905181617481307253631.jpg',100),(892,101,'XL','/images/product/101/color/201905181617481307253631.jpg',99),(893,102,'S','/images/product/102/color/201905181618381391499364.jpg',100),(894,102,'M','/images/product/102/color/201905181618381391499364.jpg',100),(895,102,'L','/images/product/102/color/201905181618381391499364.jpg',100),(896,102,'XL','/images/product/102/color/201905181618381391499364.jpg',100),(897,102,'S','/images/product/102/color/201905181618381968612738.jpg',100),(898,102,'M','/images/product/102/color/201905181618381968612738.jpg',100),(899,102,'L','/images/product/102/color/201905181618381968612738.jpg',100),(900,102,'XL','/images/product/102/color/201905181618381968612738.jpg',100),(901,103,'S','/images/product/103/color/201905181623201273517373.jpg',100),(902,103,'M','/images/product/103/color/201905181623201273517373.jpg',100),(903,103,'L','/images/product/103/color/201905181623201273517373.jpg',100),(904,103,'XL','/images/product/103/color/201905181623201273517373.jpg',100),(905,103,'S','/images/product/103/color/20190518162320738221704.jpg',100),(906,103,'M','/images/product/103/color/20190518162320738221704.jpg',100),(907,103,'L','/images/product/103/color/20190518162320738221704.jpg',100),(908,103,'XL','/images/product/103/color/20190518162320738221704.jpg',100),(909,103,'S','/images/product/103/color/201905181623201983269924.jpg',100),(910,103,'M','/images/product/103/color/201905181623201983269924.jpg',100),(911,103,'L','/images/product/103/color/201905181623201983269924.jpg',100),(912,103,'XL','/images/product/103/color/201905181623201983269924.jpg',100),(913,104,'S','/images/product/104/color/20190518162414640231207.jpg',100),(914,104,'M','/images/product/104/color/20190518162414640231207.jpg',100),(915,104,'L','/images/product/104/color/20190518162414640231207.jpg',100),(916,104,'XL','/images/product/104/color/20190518162414640231207.jpg',100),(917,104,'S','/images/product/104/color/20190518162414407180645.jpg',100),(918,104,'M','/images/product/104/color/20190518162414407180645.jpg',100),(919,104,'L','/images/product/104/color/20190518162414407180645.jpg',100),(920,104,'XL','/images/product/104/color/20190518162414407180645.jpg',100),(921,104,'S','/images/product/104/color/201905181624141175049028.jpg',100),(922,104,'M','/images/product/104/color/201905181624141175049028.jpg',100),(923,104,'L','/images/product/104/color/201905181624141175049028.jpg',100),(924,104,'XL','/images/product/104/color/201905181624141175049028.jpg',100),(925,105,'S','/images/product/105/color/201905181625111828239575.jpg',100),(926,105,'M','/images/product/105/color/201905181625111828239575.jpg',100),(927,105,'L','/images/product/105/color/201905181625111828239575.jpg',100),(928,105,'XL','/images/product/105/color/201905181625111828239575.jpg',100),(929,105,'S','/images/product/105/color/201905181625111555629058.jpg',100),(930,105,'M','/images/product/105/color/201905181625111555629058.jpg',100),(931,105,'L','/images/product/105/color/201905181625111555629058.jpg',100),(932,105,'XL','/images/product/105/color/201905181625111555629058.jpg',100),(933,106,'S','/images/product/106/color/201905181625561278750152.jpg',100),(934,106,'M','/images/product/106/color/201905181625561278750152.jpg',99),(935,106,'L','/images/product/106/color/201905181625561278750152.jpg',100),(936,106,'XL','/images/product/106/color/201905181625561278750152.jpg',100),(937,106,'S','/images/product/106/color/201905181625561558754785.jpg',100),(938,106,'M','/images/product/106/color/201905181625561558754785.jpg',100),(939,106,'L','/images/product/106/color/201905181625561558754785.jpg',100),(940,106,'XL','/images/product/106/color/201905181625561558754785.jpg',100),(941,106,'S','/images/product/106/color/201905181625561360142401.jpg',100),(942,106,'M','/images/product/106/color/201905181625561360142401.jpg',100),(943,106,'L','/images/product/106/color/201905181625561360142401.jpg',100),(944,106,'XL','/images/product/106/color/201905181625561360142401.jpg',100),(945,107,'S','/images/product/107/color/20190518162656271679040.jpg',100),(946,107,'M','/images/product/107/color/20190518162656271679040.jpg',100),(947,107,'L','/images/product/107/color/20190518162656271679040.jpg',100),(948,107,'XL','/images/product/107/color/20190518162656271679040.jpg',100),(949,107,'S','/images/product/107/color/20190518162656905870785.jpg',100),(950,107,'M','/images/product/107/color/20190518162656905870785.jpg',100),(951,107,'L','/images/product/107/color/20190518162656905870785.jpg',100),(952,107,'XL','/images/product/107/color/20190518162656905870785.jpg',100),(953,108,'S','/images/product/108/color/20190518162747643627012.jpg',100),(954,108,'M','/images/product/108/color/20190518162747643627012.jpg',100),(955,108,'L','/images/product/108/color/20190518162747643627012.jpg',100),(956,108,'XL','/images/product/108/color/20190518162747643627012.jpg',100),(957,108,'S','/images/product/108/color/20190518162747369922182.jpg',100),(958,108,'M','/images/product/108/color/20190518162747369922182.jpg',100),(959,108,'L','/images/product/108/color/20190518162747369922182.jpg',100),(960,108,'XL','/images/product/108/color/20190518162747369922182.jpg',100),(961,109,'S','/images/product/109/color/201905181629111785111825.jpg',100),(962,109,'M','/images/product/109/color/201905181629111785111825.jpg',100),(963,109,'L','/images/product/109/color/201905181629111785111825.jpg',100),(964,109,'XL','/images/product/109/color/201905181629111785111825.jpg',100),(965,109,'S','/images/product/109/color/20190518162911473661602.jpg',100),(966,109,'M','/images/product/109/color/20190518162911473661602.jpg',100),(967,109,'L','/images/product/109/color/20190518162911473661602.jpg',100),(968,109,'XL','/images/product/109/color/20190518162911473661602.jpg',100),(969,109,'S','/images/product/109/color/201905181629111460198269.jpg',100),(970,109,'M','/images/product/109/color/201905181629111460198269.jpg',100),(971,109,'L','/images/product/109/color/201905181629111460198269.jpg',100),(972,109,'XL','/images/product/109/color/201905181629111460198269.jpg',100),(973,109,'S','/images/product/109/color/20190518162911117485551.jpg',100),(974,109,'M','/images/product/109/color/20190518162911117485551.jpg',100),(975,109,'L','/images/product/109/color/20190518162911117485551.jpg',100),(976,109,'XL','/images/product/109/color/20190518162911117485551.jpg',100),(977,110,'S','/images/product/110/color/20190518163025580757213.jpg',100),(978,110,'M','/images/product/110/color/20190518163025580757213.jpg',100),(979,110,'L','/images/product/110/color/20190518163025580757213.jpg',100),(980,110,'XL','/images/product/110/color/20190518163025580757213.jpg',100),(981,110,'S','/images/product/110/color/20190518163025633742377.jpg',100),(982,110,'M','/images/product/110/color/20190518163025633742377.jpg',100),(983,110,'L','/images/product/110/color/20190518163025633742377.jpg',100),(984,110,'XL','/images/product/110/color/20190518163025633742377.jpg',100),(985,111,'S','/images/product/111/color/20190518163129587318479.jpg',100),(986,111,'M','/images/product/111/color/20190518163129587318479.jpg',100),(987,111,'L','/images/product/111/color/20190518163129587318479.jpg',100),(988,111,'XL','/images/product/111/color/20190518163129587318479.jpg',100),(989,111,'S','/images/product/111/color/20190518163129757025728.jpg',100),(990,111,'M','/images/product/111/color/20190518163129757025728.jpg',100),(991,111,'L','/images/product/111/color/20190518163129757025728.jpg',100),(992,111,'XL','/images/product/111/color/20190518163129757025728.jpg',100),(993,112,'S','/images/product/112/color/20190518163245760065959.jpg',100),(994,112,'M','/images/product/112/color/20190518163245760065959.jpg',100),(995,112,'L','/images/product/112/color/20190518163245760065959.jpg',100),(996,112,'XL','/images/product/112/color/20190518163245760065959.jpg',100),(997,112,'S','/images/product/112/color/20190518163245358679165.jpg',100),(998,112,'M','/images/product/112/color/20190518163245358679165.jpg',100),(999,112,'L','/images/product/112/color/20190518163245358679165.jpg',100),(1000,112,'XL','/images/product/112/color/20190518163245358679165.jpg',100),(1001,112,'S','/images/product/112/color/201905181632451133575318.jpg',100),(1002,112,'M','/images/product/112/color/201905181632451133575318.jpg',100),(1003,112,'L','/images/product/112/color/201905181632451133575318.jpg',100),(1004,112,'XL','/images/product/112/color/201905181632451133575318.jpg',100),(1005,113,'S','/images/product/113/color/20190518163325318422771.jpg',100),(1006,113,'M','/images/product/113/color/20190518163325318422771.jpg',100),(1007,113,'L','/images/product/113/color/20190518163325318422771.jpg',100),(1008,113,'XL','/images/product/113/color/20190518163325318422771.jpg',100),(1009,113,'S','/images/product/113/color/20190518163325498182792.jpg',100),(1010,113,'M','/images/product/113/color/20190518163325498182792.jpg',100),(1011,113,'L','/images/product/113/color/20190518163325498182792.jpg',100),(1012,113,'XL','/images/product/113/color/20190518163325498182792.jpg',100),(1013,113,'S','/images/product/113/color/20190518163326539034631.jpg',100),(1014,113,'M','/images/product/113/color/20190518163326539034631.jpg',100),(1015,113,'L','/images/product/113/color/20190518163326539034631.jpg',100),(1016,113,'XL','/images/product/113/color/20190518163326539034631.jpg',100),(1017,114,'S','/images/product/114/color/20190518163451995310555.jpg',100),(1018,114,'M','/images/product/114/color/20190518163451995310555.jpg',100),(1019,114,'L','/images/product/114/color/20190518163451995310555.jpg',100),(1020,114,'XL','/images/product/114/color/20190518163451995310555.jpg',100),(1021,114,'S','/images/product/114/color/20190518163451707080048.jpg',100),(1022,114,'M','/images/product/114/color/20190518163451707080048.jpg',100),(1023,114,'L','/images/product/114/color/20190518163451707080048.jpg',100),(1024,114,'XL','/images/product/114/color/20190518163451707080048.jpg',100),(1025,114,'S','/images/product/114/color/201905181634511940360535.jpg',100),(1026,114,'M','/images/product/114/color/201905181634511940360535.jpg',100),(1027,114,'L','/images/product/114/color/201905181634511940360535.jpg',100),(1028,114,'XL','/images/product/114/color/201905181634511940360535.jpg',100),(1029,115,'S','/images/product/115/color/201905181635511567102699.jpg',100),(1030,115,'M','/images/product/115/color/201905181635511567102699.jpg',100),(1031,115,'L','/images/product/115/color/201905181635511567102699.jpg',100),(1032,115,'XL','/images/product/115/color/201905181635511567102699.jpg',100),(1033,115,'S','/images/product/115/color/201905181635511844040802.jpg',100),(1034,115,'M','/images/product/115/color/201905181635511844040802.jpg',100),(1035,115,'L','/images/product/115/color/201905181635511844040802.jpg',100),(1036,115,'XL','/images/product/115/color/201905181635511844040802.jpg',100),(1037,115,'S','/images/product/115/color/20190518163551742772473.jpg',100),(1038,115,'M','/images/product/115/color/20190518163551742772473.jpg',100),(1039,115,'L','/images/product/115/color/20190518163551742772473.jpg',100),(1040,115,'XL','/images/product/115/color/20190518163551742772473.jpg',100),(1041,116,'S','/images/product/116/color/20190518163641541079415.jpg',100),(1042,116,'M','/images/product/116/color/20190518163641541079415.jpg',100),(1043,116,'L','/images/product/116/color/20190518163641541079415.jpg',100),(1044,116,'XL','/images/product/116/color/20190518163641541079415.jpg',100),(1045,117,'S','/images/product/117/color/201905181638041425007205.jpg',100),(1046,117,'M','/images/product/117/color/201905181638041425007205.jpg',100),(1047,117,'L','/images/product/117/color/201905181638041425007205.jpg',100),(1048,117,'XL','/images/product/117/color/201905181638041425007205.jpg',100),(1049,117,'S','/images/product/117/color/201905181638041892817144.jpg',100),(1050,117,'M','/images/product/117/color/201905181638041892817144.jpg',100),(1051,117,'L','/images/product/117/color/201905181638041892817144.jpg',100),(1052,117,'XL','/images/product/117/color/201905181638041892817144.jpg',100),(1053,118,'S','/images/product/118/color/20190518163910648475646.jpg',100),(1054,118,'M','/images/product/118/color/20190518163910648475646.jpg',100),(1055,118,'L','/images/product/118/color/20190518163910648475646.jpg',100),(1056,118,'XL','/images/product/118/color/20190518163910648475646.jpg',100),(1057,118,'S','/images/product/118/color/20190518163910784566169.jpg',100),(1058,118,'M','/images/product/118/color/20190518163910784566169.jpg',100),(1059,118,'L','/images/product/118/color/20190518163910784566169.jpg',100),(1060,118,'XL','/images/product/118/color/20190518163910784566169.jpg',100),(1061,119,'S','/images/product/119/color/20190518164018341795956.jpg',100),(1062,119,'M','/images/product/119/color/20190518164018341795956.jpg',100),(1063,119,'L','/images/product/119/color/20190518164018341795956.jpg',100),(1064,119,'XL','/images/product/119/color/20190518164018341795956.jpg',100),(1065,119,'S','/images/product/119/color/201905181640181315955692.jpg',100),(1066,119,'M','/images/product/119/color/201905181640181315955692.jpg',100),(1067,119,'L','/images/product/119/color/201905181640181315955692.jpg',100),(1068,119,'XL','/images/product/119/color/201905181640181315955692.jpg',100),(1069,120,'S','/images/product/120/color/20190518164056895238436.jpg',100),(1070,120,'M','/images/product/120/color/20190518164056895238436.jpg',100),(1071,120,'L','/images/product/120/color/20190518164056895238436.jpg',100),(1072,120,'XL','/images/product/120/color/20190518164056895238436.jpg',100),(1073,121,'S','/images/product/121/color/201905181642012135897039.jpg',100),(1074,121,'M','/images/product/121/color/201905181642012135897039.jpg',100),(1075,121,'L','/images/product/121/color/201905181642012135897039.jpg',100),(1076,121,'XL','/images/product/121/color/201905181642012135897039.jpg',100),(1077,121,'S','/images/product/121/color/201905181642011586164149.jpg',100),(1078,121,'M','/images/product/121/color/201905181642011586164149.jpg',100),(1079,121,'L','/images/product/121/color/201905181642011586164149.jpg',100),(1080,121,'XL','/images/product/121/color/201905181642011586164149.jpg',100),(1081,121,'S','/images/product/121/color/201905181642011741258039.jpg',100),(1082,121,'M','/images/product/121/color/201905181642011741258039.jpg',100),(1083,121,'L','/images/product/121/color/201905181642011741258039.jpg',100),(1084,121,'XL','/images/product/121/color/201905181642011741258039.jpg',100),(1085,122,'S','/images/product/122/color/201905181643201207694237.jpg',100),(1086,122,'M','/images/product/122/color/201905181643201207694237.jpg',100),(1087,122,'L','/images/product/122/color/201905181643201207694237.jpg',100),(1088,122,'XL','/images/product/122/color/201905181643201207694237.jpg',100),(1089,122,'S','/images/product/122/color/201905181643201091288541.jpg',100),(1090,122,'M','/images/product/122/color/201905181643201091288541.jpg',100),(1091,122,'L','/images/product/122/color/201905181643201091288541.jpg',100),(1092,122,'XL','/images/product/122/color/201905181643201091288541.jpg',100),(1093,123,'S','/images/product/123/color/201905181644381701341989.jpg',100),(1094,123,'M','/images/product/123/color/201905181644381701341989.jpg',100),(1095,123,'L','/images/product/123/color/201905181644381701341989.jpg',100),(1096,123,'XL','/images/product/123/color/201905181644381701341989.jpg',100),(1097,123,'S','/images/product/123/color/201905181644382124162480.jpg',100),(1098,123,'M','/images/product/123/color/201905181644382124162480.jpg',100),(1099,123,'L','/images/product/123/color/201905181644382124162480.jpg',100),(1100,123,'XL','/images/product/123/color/201905181644382124162480.jpg',100),(1101,123,'S','/images/product/123/color/201905181644381863141189.jpg',100),(1102,123,'M','/images/product/123/color/201905181644381863141189.jpg',100),(1103,123,'L','/images/product/123/color/201905181644381863141189.jpg',100),(1104,123,'XL','/images/product/123/color/201905181644381863141189.jpg',100),(1105,124,'S','/images/product/124/color/20190518164517479010862.jpg',100),(1106,124,'M','/images/product/124/color/20190518164517479010862.jpg',100),(1107,124,'L','/images/product/124/color/20190518164517479010862.jpg',100),(1108,124,'XL','/images/product/124/color/20190518164517479010862.jpg',100),(1109,124,'S','/images/product/124/color/201905181645171216282648.jpg',100),(1110,124,'M','/images/product/124/color/201905181645171216282648.jpg',100),(1111,124,'L','/images/product/124/color/201905181645171216282648.jpg',100),(1112,124,'XL','/images/product/124/color/201905181645171216282648.jpg',100),(1113,125,'S','/images/product/125/color/201905181646501957001691.jpg',100),(1114,125,'M','/images/product/125/color/201905181646501957001691.jpg',100),(1115,125,'L','/images/product/125/color/201905181646501957001691.jpg',98),(1116,125,'XL','/images/product/125/color/201905181646501957001691.jpg',100);
/*!40000 ALTER TABLE `product_option` ENABLE KEYS */;
UNLOCK TABLES;

--
-- Table structure for table `rate_product`
--

DROP TABLE IF EXISTS `rate_product`;
/*!40101 SET @saved_cs_client     = @@character_set_client */;
/*!40101 SET character_set_client = utf8 */;
CREATE TABLE `rate_product` (
  `accID` int(11) NOT NULL,
  `proID` int(11) NOT NULL,
  `point` tinyint(4) NOT NULL,
  PRIMARY KEY (`accID`,`proID`),
  KEY `FKey2` (`proID`),
  CONSTRAINT `FKey` FOREIGN KEY (`accID`) REFERENCES `account` (`accID`),
  CONSTRAINT `FKey2` FOREIGN KEY (`proID`) REFERENCES `product` (`proID`)
) ENGINE=InnoDB DEFAULT CHARSET=utf8;
/*!40101 SET character_set_client = @saved_cs_client */;

--
-- Dumping data for table `rate_product`
--

LOCK TABLES `rate_product` WRITE;
/*!40000 ALTER TABLE `rate_product` DISABLE KEYS */;
INSERT INTO `rate_product` VALUES (1,6,4),(1,13,1),(2,51,5);
/*!40000 ALTER TABLE `rate_product` ENABLE KEYS */;
UNLOCK TABLES;
/*!40103 SET TIME_ZONE=@OLD_TIME_ZONE */;

/*!40101 SET SQL_MODE=@OLD_SQL_MODE */;
/*!40014 SET FOREIGN_KEY_CHECKS=@OLD_FOREIGN_KEY_CHECKS */;
/*!40014 SET UNIQUE_CHECKS=@OLD_UNIQUE_CHECKS */;
/*!40101 SET CHARACTER_SET_CLIENT=@OLD_CHARACTER_SET_CLIENT */;
/*!40101 SET CHARACTER_SET_RESULTS=@OLD_CHARACTER_SET_RESULTS */;
/*!40101 SET COLLATION_CONNECTION=@OLD_COLLATION_CONNECTION */;
/*!40111 SET SQL_NOTES=@OLD_SQL_NOTES */;

-- Dump completed on 2019-05-18 17:48:52
